# ************************************************************
# Sequel Ace SQL dump
# Versión 3038
#
# https://sequel-ace.com/
# https://github.com/Sequel-Ace/Sequel-Ace
#
# Equipo: superfil.com.ar (MySQL 5.5.62-cll)
# Base de datos: duck9_site2021
# Generation Time: 2021-10-07 17:33:50 +0000
# ************************************************************


/*!40101 SET @OLD_CHARACTER_SET_CLIENT=@@CHARACTER_SET_CLIENT */;
/*!40101 SET @OLD_CHARACTER_SET_RESULTS=@@CHARACTER_SET_RESULTS */;
/*!40101 SET @OLD_COLLATION_CONNECTION=@@COLLATION_CONNECTION */;
SET NAMES utf8mb4;
/*!40014 SET @OLD_FOREIGN_KEY_CHECKS=@@FOREIGN_KEY_CHECKS, FOREIGN_KEY_CHECKS=0 */;
/*!40101 SET @OLD_SQL_MODE='NO_AUTO_VALUE_ON_ZERO', SQL_MODE='NO_AUTO_VALUE_ON_ZERO' */;
/*!40111 SET @OLD_SQL_NOTES=@@SQL_NOTES, SQL_NOTES=0 */;


# Volcado de tabla contacts
# ------------------------------------------------------------

DROP TABLE IF EXISTS `contacts`;

CREATE TABLE `contacts` (
  `id` int(10) unsigned NOT NULL AUTO_INCREMENT,
  `name` varchar(255) COLLATE utf8mb4_unicode_ci DEFAULT NULL,
  `email` varchar(255) COLLATE utf8mb4_unicode_ci DEFAULT NULL,
  `phone` varchar(255) COLLATE utf8mb4_unicode_ci DEFAULT NULL,
  `city` varchar(255) COLLATE utf8mb4_unicode_ci DEFAULT NULL,
  `comments` text COLLATE utf8mb4_unicode_ci,
  `origin` varchar(255) COLLATE utf8mb4_unicode_ci DEFAULT NULL,
  `date` varchar(255) COLLATE utf8mb4_unicode_ci DEFAULT '',
  PRIMARY KEY (`id`)
) ENGINE=InnoDB DEFAULT CHARSET=utf8mb4 COLLATE=utf8mb4_unicode_ci;

LOCK TABLES `contacts` WRITE;
/*!40000 ALTER TABLE `contacts` DISABLE KEYS */;

INSERT INTO `contacts` (`id`, `name`, `email`, `phone`, `city`, `comments`, `origin`, `date`)
VALUES
	(1,'nombre','asd@sad.com','telefono','ciudad','come','Formulario de Contacto','August 3, 2021, 3:55 pm'),
	(2,'nombre','pablolires@gmail.com','telefono','ciudad','come','Formulario de Contacto','August 3, 2021, 4:00 pm'),
	(3,'nombre','pablolires@gmail.com','telefono','ciudad','come','Formulario de Contacto','August 3, 2021, 4:01 pm'),
	(4,'nombre','pablolires@gmail.com','telefono','ciudad','come','Formulario de Contacto','August 3, 2021, 4:02 pm'),
	(5,'nombre','pablolires@gmail.com','telefono','ciudad','come','Formulario de Contacto','August 3, 2021, 4:08 pm'),
	(6,'nombre','pablolires@gmail.com','telefono','ciudad','come','Formulario de Contacto','August 3, 2021, 4:08 pm'),
	(7,'nombre','pablolires@gmail.com','telefono','ciudad','come','Formulario de Contacto','August 3, 2021, 4:10 pm'),
	(8,'nombre','pablolires@gmail.com','telefono','ciudad','comesssss','Formulario de Contacto','August 3, 2021, 4:16 pm'),
	(9,'Pablo','pablolires@gmail.com','','','asd','Formulario de Contacto','August 3, 2021, 4:20 pm'),
	(10,'Pablo','pablolires@gmail.com','11504','asd','asd','Formulario de Contacto','August 3, 2021, 4:38 pm'),
	(11,'Pablo','pablolires@gmail.com','1150497501','Lanus','Comentarios ','Formulario de Contacto','August 3, 2021, 4:38 pm'),
	(12,'asd','pablolires@gmail.com','asdas','asd','asd','Formulario de Contacto','August 3, 2021, 6:04 pm'),
	(13,'asd','pablolires@gmail.com','asd','asd','asd','Formulario de Contacto','August 3, 2021, 6:15 pm'),
	(14,'asd','pablolires@gmail.com','asdasa','asd','asd','Formulario de Contacto','August 3, 2021, 6:25 pm'),
	(15,'asd','asd@sad.com','','','asd','Formulario de Contacto','August 3, 2021, 6:30 pm'),
	(16,'asd','pablolires@gmail.com','asd','asd','asd','Formulario de Contacto','August 3, 2021, 6:32 pm'),
	(17,'asd','pablolires@gmail.com','asd','sad','asd','Formulario de Contacto','August 3, 2021, 7:02 pm'),
	(18,'asd','asd@sad.com','','','asd','Formulario de Contacto','August 3, 2021, 7:58 pm'),
	(19,'asd','pablolires@gmail.com','asdas','asd','asd','Formulario de Contacto','August 3, 2021, 11:14 pm'),
	(20,'asd','pablolires@gmail.com','asdasa','asd','asd','Formulario de Contacto','August 3, 2021, 11:19 pm'),
	(21,'pepe','pablolires@gmail.com','tel','ciudad','asd','Formulario de Contacto','August 3, 2021, 11:20 pm'),
	(22,'asdasdasd','pablolires@gmail.com','wqe','asd','sad','Formulario de Distribuidores','August 3, 2021, 11:46 pm'),
	(23,'Pablo','pablolires@gmail.com','123','asd','asdasdasdas as dasd ','Formulario de Contacto','August 3, 2021, 11:51 pm');

/*!40000 ALTER TABLE `contacts` ENABLE KEYS */;
UNLOCK TABLES;


# Volcado de tabla img_galeries
# ------------------------------------------------------------

DROP TABLE IF EXISTS `img_galeries`;

CREATE TABLE `img_galeries` (
  `id` int(10) unsigned NOT NULL AUTO_INCREMENT,
  `lines_extra_id` int(11) DEFAULT NULL,
  `url` varchar(500) COLLATE utf8mb4_unicode_ci DEFAULT NULL,
  PRIMARY KEY (`id`)
) ENGINE=InnoDB DEFAULT CHARSET=utf8mb4 COLLATE=utf8mb4_unicode_ci;

LOCK TABLES `img_galeries` WRITE;
/*!40000 ALTER TABLE `img_galeries` DISABLE KEYS */;

INSERT INTO `img_galeries` (`id`, `lines_extra_id`, `url`)
VALUES
	(1,1,'camaras-frigorificas/galeria/camaras-galeria-a.jpg'),
	(2,1,'camaras-frigorificas/galeria/camaras-galeria-b.jpg'),
	(3,1,'camaras-frigorificas/galeria/camaras-galeria-c.jpg'),
	(4,2,'cielorraso/galeria/cielorraso-galeria-a.jpg'),
	(5,2,'cielorraso/galeria/cielorraso-galeria-b.jpg'),
	(6,2,'cielorraso/galeria/cielorraso-galeria-c.jpg'),
	(7,2,'cielorraso/galeria/cielorraso-galeria-d.jpg'),
	(8,2,'cielorraso/galeria/cielorraso-galeria-e.jpg'),
	(9,2,'cielorraso/galeria/cielorraso-galeria-f.jpg'),
	(10,3,'furgones-termicos/galeria/furgones-galeria-a.jpg'),
	(11,3,'furgones-termicos/galeria/furgones-galeria-b.jpg'),
	(12,3,'furgones-termicos/galeria/furgones-galeria-c.jpg'),
	(13,3,'furgones-termicos/galeria/furgones-galeria-d.jpg'),
	(14,4,'iluminacion/galeria/iluminacion-galeria-a.jpg'),
	(15,4,'iluminacion/galeria/iluminacion-galeria-b.jpg'),
	(16,4,'iluminacion/galeria/iluminacion-galeria-c.jpg'),
	(17,4,'iluminacion/galeria/iluminacion-galeria-d.jpg'),
	(18,5,'policarbonato/galeria/policarbonato-galeria-a.jpg'),
	(19,5,'policarbonato/galeria/policarbonato-galeria-b.jpg'),
	(20,5,'policarbonato/galeria/policarbonato-galeria-c.jpg'),
	(21,5,'policarbonato/galeria/policarbonato-galeria-d.jpg'),
	(22,6,'revestimiento-exterior/galeria/revestimiento-galeria-a.jpg'),
	(23,6,'revestimiento-exterior/galeria/revestimiento-galeria-b.jpg'),
	(24,6,'revestimiento-exterior/galeria/revestimiento-galeria-c.jpg'),
	(25,7,'listex/galeria/listex-galeria-a.jpg'),
	(26,7,'listex/galeria/listex-galeria-b.jpg'),
	(27,7,'listex/galeria/listex-galeria-c.jpg'),
	(28,8,'publicidad/galeria/publicidad-galeria-a.jpg'),
	(29,8,'publicidad/galeria/publicidad-galeria-b.jpg'),
	(30,8,'publicidad/galeria/publicidad-galeria-c.jpg'),
	(31,8,'publicidad/galeria/publicidad-galeria-d.jpg'),
	(32,9,'nautica/galeria/nautica-galeria-a.jpg'),
	(33,9,'nautica/galeria/nautica-galeria-b.jpg'),
	(34,10,'terminaciones/galeria/terminaciones-galeria-a.jpg'),
	(35,10,'terminaciones/galeria/terminaciones-galeria-b.jpg'),
	(36,10,'terminaciones/galeria/terminaciones-galeria-c.jpg'),
	(37,1,'camaras-frigorificas/galeria/camaras-galeria-d.jpg'),
	(38,1,'camaras-frigorificas/galeria/camaras-galeria-e.jpg'),
	(39,3,'furgones-termicos/galeria/furgones-galeria-e.jpg'),
	(40,4,'iluminacion/galeria/iluminacion-galeria-e.jpg'),
	(41,12,'juntas-waterstop/galeria/juntas-galeria-a.jpg'),
	(42,12,'juntas-waterstop/galeria/juntas-galeria-b.jpg'),
	(43,12,'juntas-waterstop/galeria/juntas-galeria-c.jpg'),
	(44,12,'juntas-waterstop/galeria/juntas-galeria-d.jpg'),
	(45,12,'juntas-waterstop/galeria/juntas-galeria-e.jpg'),
	(46,7,'listex/galeria/listex-galeria-d.jpg'),
	(47,7,'listex/galeria/listex-galeria-e.jpg'),
	(48,9,'nautica/galeria/nautica-galeria-c.jpg'),
	(49,9,'nautica/galeria/nautica-galeria-d.jpg'),
	(50,9,'nautica/galeria/nautica-galeria-e.jpg'),
	(51,5,'policarbonato/galeria/policarbonato-galeria-e.jpg'),
	(52,8,'publicidad/galeria/publicidad-galeria-e.jpg'),
	(53,6,'revestimiento-exterior/galeria/revestimiento-galeria-d.jpg'),
	(54,6,'revestimiento-exterior/galeria/revestimiento-galeria-e.jpg'),
	(55,10,'terminaciones/galeria/terminaciones-galeria-d.jpg'),
	(56,10,'terminaciones/galeria/terminaciones-galeria-e.jpg'),
	(57,11,'tubos/galeria/tubos-galeria-a.jpg'),
	(58,11,'tubos/galeria/tubos-galeria-b.jpg'),
	(59,11,'tubos/galeria/tubos-galeria-c.jpg'),
	(60,11,'tubos/galeria/tubos-galeria-d.jpg'),
	(61,11,'tubos/galeria/tubos-galeria-e.jpg'),
	(62,13,'guardacamillas/galeria/guardacamillas-galeria-a.jpg'),
	(63,13,'guardacamillas/galeria/guardacamillas-galeria-b.jpg'),
	(64,13,'guardacamillas/galeria/guardacamillas-galeria-c.jpg'),
	(65,13,'guardacamillas/galeria/guardacamillas-galeria-d.jpg'),
	(66,13,'guardacamillas/galeria/guardacamillas-galeria-e.jpg'),
	(67,14,'pallets/galeria/pallets-galeria-a.jpg'),
	(68,14,'pallets/galeria/pallets-galeria-b.jpg'),
	(69,14,'pallets/galeria/pallets-galeria-c.jpg'),
	(70,14,'pallets/galeria/pallets-galeria-d.jpg'),
	(71,14,'pallets/galeria/pallets-galeria-e.jpg'),
	(72,15,'../empresa/galeria/galeria-1.jpg'),
	(73,15,'../empresa/galeria/galeria-2.jpg'),
	(74,15,'../empresa/galeria/galeria-3.jpg'),
	(75,15,'../empresa/galeria/galeria-4.jpg'),
	(76,15,'../empresa/galeria/galeria-5.jpg'),
	(77,15,'../empresa/galeria/galeria-6.jpg'),
	(78,15,'../empresa/galeria/galeria-7.jpg'),
	(79,15,'../empresa/galeria/galeria-8.jpg'),
	(80,15,'../empresa/galeria/galeria-9.jpg'),
	(81,15,'../empresa/galeria/galeria-10.jpg'),
	(82,15,'../empresa/galeria/galeria-11.jpg'),
	(83,15,'../empresa/galeria/galeria-12.jpg');

/*!40000 ALTER TABLE `img_galeries` ENABLE KEYS */;
UNLOCK TABLES;


# Volcado de tabla lines_extra
# ------------------------------------------------------------

DROP TABLE IF EXISTS `lines_extra`;

CREATE TABLE `lines_extra` (
  `id` int(10) unsigned NOT NULL AUTO_INCREMENT,
  `h1` varchar(500) COLLATE utf8mb4_unicode_ci DEFAULT NULL,
  `name` varchar(500) COLLATE utf8mb4_unicode_ci DEFAULT NULL,
  `description` text COLLATE utf8mb4_unicode_ci,
  `img_header` varchar(500) COLLATE utf8mb4_unicode_ci DEFAULT NULL,
  PRIMARY KEY (`id`)
) ENGINE=InnoDB DEFAULT CHARSET=utf8mb4 COLLATE=utf8mb4_unicode_ci;

LOCK TABLES `lines_extra` WRITE;
/*!40000 ALTER TABLE `lines_extra` DISABLE KEYS */;

INSERT INTO `lines_extra` (`id`, `h1`, `name`, `description`, `img_header`)
VALUES
	(1,'CÁMARAS <br>FRIGORÍFICAS','Cámaras Frigoríficas','Los zócalos sanitarios de Superfil están fabricados en PVC con mejorador de impacto, lo que permite una alta resistencia ante golpes en circunstancias de temperaturas bajo cero.','camaras-frigorificas/header-camaras-frigorificas.png'),
	(2,'CIELORRASOS <br>DE PVC','Línea Cielorrasos','El Cielorraso Superfil, es un sistema de perfiles de encastre tipo machimbre obtenidos a partir de las más altas tecnologías en la extrusión de compuestos de PVC.','cielorraso/header-cielorrasos.png'),
	(3,'FURGONES <br>TÉRMICOS','Línea Furgones Térmicos','Los perfiles marcos de furgones térmicos están desarrollados y diseñados, para soportar bajas temperaturas exigidas por las cargas congeladas.','furgones-termicos/header-furgones-termicos.png'),
	(4,'ILUMINACIÓN','Línea Iluminación','Desarrollamos todo tipo de perfiles cobertores de policarbonato con UV para artefactos de iluminación bajo requerimientos específicos de clientes.','iluminacion/header-iluminacion.png'),
	(5,'POLICARBONATO','Línea Policarbonato','Perfiles para unión y sellado en policarbonato, simple y práctico. Es una opción ideal para aplicaciones en donde \rse requiere unir “H”, o sellar “U” en instalaciones de placas alveolares de policarbonato.','policarbonato/header-policarbonato.png'),
	(6,'REVESTIMIENTO <br>EXTERIOR','Línea Revestimiento Exterior','Quiebravista plástico tipo \"z\", presentado en diversas tonalidades, pigmentado en la masa. Se ofrece en dos alternativas de materiales, de acuerdo a las características climáticas a las cuales será sometido.','revestimiento-exterior/header-revestimiento.png'),
	(7,'LISTEX','Listex','Molduras de madera sintética desarrolladas bajo procesos y acabados patentados, se fabrican con materiales sintéticos diseñados especialmente para obtener características similares a la madera natural.','listex/header-listex.png'),
	(8,'PUBLICIDAD','Publicidad','Portaprecios en diferentes formatos. Largos standard en stock permanente. Producto ideal para supermercados, shoppings y retails. Consulte por medidas especiales.','publicidad/header-publicidad.png'),
	(9,'NÁUTICA','Náutica','Botazos náuticos fabricados en PVC de alto impacto proporcionan una alta tolerancia a los golpes protegiendo tanto la integridad del muelle como de los barcos. Fáciles de instalar y de gran durabilidad.','nautica/header-nautica.png'),
	(10,'TERMINACIONES','Terminaciones','Guardacantos de cerámicos, zócalos de PVC, naríz de escalón, juntas de dilatación entre otros productos para dar una excelente terminación, fáciles de colocar y libres de mantenimiento.','terminaciones/header-terminaciones.png'),
	(11,'TUBERÍAS<br>DE PVC','Tuberias de PVC','El tubo de PVC SUPERFIL&copy; presenta aspectos revolucionarios en cuanto a su concepción y proceso de fabricación. El mismo esta formado por un tubo de pared exterior perfilado e interior liso, fabricado a base de PVC rígido no plastificado como materia prima.','tubos/header-tubos.png'),
	(12,'JUNTAS <br>WATERSTOP','Juntas Waterstop','Nuestras juntas Waterstop están elaboradas en PVC plastificado siendo un material sumamente flexible, con alta resistencia mecánica y química, debido a la excelente elasticidad de su composición.','juntas-waterstop/header-juntas.png'),
	(13,'GUARDACAMILLAS','Guardacamillas','Guardacamillas hospitalario de PVC rígido, utilizado para la protección de paredes expuestas a agresiones y golpes causados por el tráfico de camillas en clínicas, hospitales, etc.','guardacamillas/header-guardacamillas.png'),
	(14,'PALLETS<br>PLÁSTICO','Pallets Plásticos','Fabricados a través de la conformación de dos perfiles plásticos, bajo estrictos controles de calidad, los cuales se unen en una cuadrícula que provee al producto una estructura muy fuerte, que le permite soportar cargas pesadas. El palet plástico desarrollado por Superfil, es ideal para lugares de extrema higiene (industrias alimenticias, farmacéuticas, laboratorios y la industria química) por tratarse de PVC y el formato de sus perfiles, hacen que el mismo sea higiénico y el mantenimiento extremadamente sencillo.','pallets/header-pallets.png'),
	(15,'EMPRESA','Empresa','','');

/*!40000 ALTER TABLE `lines_extra` ENABLE KEYS */;
UNLOCK TABLES;


# Volcado de tabla newsletter
# ------------------------------------------------------------

DROP TABLE IF EXISTS `newsletter`;

CREATE TABLE `newsletter` (
  `id` int(10) unsigned NOT NULL AUTO_INCREMENT,
  `email` varchar(255) COLLATE utf8mb4_unicode_ci DEFAULT NULL,
  `date` varchar(255) COLLATE utf8mb4_unicode_ci DEFAULT NULL,
  PRIMARY KEY (`id`)
) ENGINE=InnoDB DEFAULT CHARSET=utf8mb4 COLLATE=utf8mb4_unicode_ci;

LOCK TABLES `newsletter` WRITE;
/*!40000 ALTER TABLE `newsletter` DISABLE KEYS */;

INSERT INTO `newsletter` (`id`, `email`, `date`)
VALUES
	(2,'pablo@algo.com','August 3, 2021, 6:09 pm'),
	(3,'pablo@algo.com','August 3, 2021, 6:33 pm'),
	(4,'pablolires@gmail.com','August 3, 2021, 6:37 pm'),
	(5,'pablolires@gmail.com','August 3, 2021, 6:40 pm'),
	(6,'pablolires@gmail.com','August 3, 2021, 6:42 pm'),
	(7,'pablolires@gmail.com','August 3, 2021, 6:44 pm'),
	(8,'pablolires@gmail.com','August 3, 2021, 6:44 pm'),
	(9,'pablolires@gmail.com','August 3, 2021, 6:45 pm'),
	(10,'pablolires@gmail.com','August 3, 2021, 6:45 pm'),
	(11,'pablolires@gmail.com','August 3, 2021, 6:45 pm'),
	(12,'pablolires@gmail.com','August 3, 2021, 6:51 pm'),
	(13,'pablolires@gmail.com','August 3, 2021, 6:55 pm'),
	(14,'pablolires@gmail.com','August 3, 2021, 6:56 pm'),
	(15,'pablolires@gmail.com','August 3, 2021, 6:59 pm'),
	(16,'pablolires@gmail.com','August 3, 2021, 7:00 pm'),
	(17,'pablolires@gmail.com','August 3, 2021, 7:01 pm'),
	(18,'pablolires@gmail.com','August 3, 2021, 7:15 pm'),
	(19,'pablolires@gmail.com','August 3, 2021, 7:18 pm'),
	(20,'pablolires@gmail.com','August 3, 2021, 7:20 pm'),
	(21,'pablolires@gmail.com','August 3, 2021, 7:22 pm'),
	(22,'pablolires@gmail.com','August 3, 2021, 7:22 pm'),
	(23,'pablolires@gmail.com','August 3, 2021, 7:50 pm'),
	(24,'pablolires@gmail.com','August 3, 2021, 7:51 pm'),
	(25,'pablolires@gmail.com','August 3, 2021, 7:56 pm'),
	(26,'asd@asd.com','August 3, 2021, 7:57 pm'),
	(27,'pablolires@gmail.com','August 3, 2021, 11:23 pm'),
	(28,'pablo@librecomunicacion.net','August 3, 2021, 11:25 pm'),
	(29,'pablolires@gmail.com','August 3, 2021, 11:29 pm'),
	(30,'pablolires@gmail.com','August 3, 2021, 11:30 pm'),
	(31,'pablolires@gmail.com','August 3, 2021, 11:31 pm'),
	(32,'pablolires@gmail.com','August 3, 2021, 11:32 pm'),
	(33,'pablolires@gmail.com','August 3, 2021, 11:34 pm'),
	(34,'pablolires@gmail.com','August 3, 2021, 11:38 pm'),
	(35,'pablolires@gmail.com','August 3, 2021, 11:40 pm'),
	(36,'pablolires@gmail.com','August 3, 2021, 11:46 pm'),
	(37,'pablolires@gmail.com','August 3, 2021, 11:51 pm'),
	(38,'pablo@libre.com','October 4, 2021, 2:55 pm');

/*!40000 ALTER TABLE `newsletter` ENABLE KEYS */;
UNLOCK TABLES;


# Volcado de tabla products
# ------------------------------------------------------------

DROP TABLE IF EXISTS `products`;

CREATE TABLE `products` (
  `id` int(10) unsigned NOT NULL AUTO_INCREMENT,
  `code` varchar(255) CHARACTER SET utf8 DEFAULT NULL,
  `url` varchar(500) CHARACTER SET utf8 DEFAULT NULL,
  `title` varchar(500) CHARACTER SET utf8 DEFAULT NULL,
  `meta_description` text CHARACTER SET utf8,
  `line` int(11) DEFAULT NULL,
  `line_rs` varchar(500) COLLATE utf8_spanish_ci DEFAULT NULL,
  `material` varchar(500) CHARACTER SET utf8 DEFAULT NULL,
  `measures` varchar(500) CHARACTER SET utf8 DEFAULT NULL,
  `description` text CHARACTER SET utf8,
  `long` varchar(500) CHARACTER SET utf8 DEFAULT NULL,
  `color` varchar(500) CHARACTER SET utf8 DEFAULT NULL,
  `applications` text CHARACTER SET utf8,
  `observations` text CHARACTER SET utf8,
  `img` varchar(500) CHARACTER SET utf8 DEFAULT NULL,
  `img_t` varchar(500) COLLATE utf8_spanish_ci DEFAULT NULL,
  PRIMARY KEY (`id`)
) ENGINE=InnoDB DEFAULT CHARSET=utf8 COLLATE=utf8_spanish_ci;

LOCK TABLES `products` WRITE;
/*!40000 ALTER TABLE `products` DISABLE KEYS */;

INSERT INTO `products` (`id`, `code`, `url`, `title`, `meta_description`, `line`, `line_rs`, `material`, `measures`, `description`, `long`, `color`, `applications`, `observations`, `img`, `img_t`)
VALUES
	(1,'2104','perfiles-pvc-zocalos-sanitarios','Base de zocalo sanitario para hospitales','Base de zocalo sanitario. Aplicable en camaras frigorificas y salas hospitalarias, etc',1,'camaras-frigorificas','PVC Rígido con mejorador de impacto','60 mm 16 mm','Base de zócalo sanitario','','','Aplicable en cámaras frigoríficas, laboratorios, salas hospitalarias, etc.','Facil aplicación. Rapidez de instalación. Mejor terminación. Mantenimiento cero. Excelente efecto de sellado.','camaras-frigorificas/2104.png','camaras-frigorificas/2104-t.jpg\r'),
	(2,'2105','perfiles-pvc-zocalos-sanitarios','Base de zocalo sanitario para camaras frigorificas','Base de zocalo sanitario. Aplicable laboratorios, salas hospitalarias, etc',1,'camaras-frigorificas','PVC Rígido con mejorador de impacto','28 mm x 16 mm','Base de zócalo sanitario','','','Aplicable en cámaras frigoríficas, laboratorios, salas hospitalarias, etc.','Facil aplicación. Rapidez de instalación. Mejor terminación. Mantenimiento cero. Excelente efecto de sellado.','camaras-frigorificas/2105.png','camaras-frigorificas/2105-t.jpg\r'),
	(3,'2106','perfiles-pvc-zocalos-sanitarios','H de union para revestimiento ','H de union para revestimiento frigorifico. Aplicable en camaras frigorificas, laboratorios, salas hospitalarias, etc ',1,'camaras-frigorificas','PVC Rígido con mejorador de impacto','48 mm x 11 mm','\"H\"\"  de union para revestimiento frigorífico\"','','','Aplicable en cámaras frigoríficas, laboratorios, salas hospitalarias, etc.','Facil aplicación. Rapidez de instalación. Mejor terminación. Mantenimiento cero. Excelente efecto de sellado.','camaras-frigorificas/2106.png','camaras-frigorificas/2106-t.jpg\r'),
	(4,'2112','perfiles-pvc-zocalos-sanitarios','Esquinero interno sanitario','Esquinero interno sanitario. Aplicable en camaras frigorificas, laboratorios, salas hospitalarias, etc',1,'camaras-frigorificas','PVC Rígido con mejorador de impacto','38 mm x 38 mm','Esquinero sanitario interno','','','Aplicable en cámaras frigoríficas, laboratorios, salas hospitalarias, etc.','Facil aplicación. Rapidez de instalación. Mejor terminación. Mantenimiento cero. Excelente efecto de sellado.','camaras-frigorificas/2112.png','camaras-frigorificas/2112-t.jpg'),
	(5,'2121','perfiles-pvc-zocalos-sanitarios','base de zocalo sanitario para camaras frigorificas','base de zocalo sanitario. Aplicable en camaras frigorificas',1,'camaras-frigorificas','PVC Rígido con mejorador de impacto','45 mm x 45 mm','Base de zócalo sanitario','','','Aplicable en cámaras frigoríficas, laboratorios, salas hospitalarias, etc.','Facil aplicación. Rapidez de instalación. Mejor terminación. Mantenimiento cero. Excelente efecto de sellado.','camaras-frigorificas/2121.png','camaras-frigorificas/2121-t.jpg'),
	(6,'2122','perfiles-pvc-zocalos-sanitarios','pantalla de zocalo sanitario','pantalla de zocalo sanitario. Aplicable en camaras frigorificas, laboratorios, salas hospitalarias, etc',1,'camaras-frigorificas','PVC Rígido con mejorador de impacto','120 mm x 22 mm','Pantalla de zócalo sanitario ','','','Aplicable en cámaras frigoríficas, laboratorios, salas hospitalarias, etc.','Facil aplicación. Rapidez de instalación. Mejor terminación. Mantenimiento cero. Excelente efecto de sellado.','camaras-frigorificas/2122.png','camaras-frigorificas/2122-t.jpg\r'),
	(7,'2130','perfiles-pvc-zocalos-sanitarios','Esquinero externo ','Esquinero externo . Aplicable en camaras frigorificas, laboratorios, salas hospitalarias, etc',1,'camaras-frigorificas','PVC Rígido con mejorador de impacto','34 mm x 34 mm','Esquinero externo','','','Aplicable en cámaras frigoríficas, laboratorios, salas hospitalarias, etc.','Accesorios. Facil aplicación. Rapidez de instalación. Mejor terminación. Mantenimiento cero. Excelente efecto de sellado.','camaras-frigorificas/2130.png','camaras-frigorificas/2130-t.jpg\r'),
	(8,'2195','perfiles-pvc-zocalos-sanitarios','Perfil para unir revestimiento de camaras frigorifica','Perfil para unir revestimiento de camaras frigorifica. Aplicable en camaras frigorificas, laboratorios, salas hospitalarias, etc',1,'camaras-frigorificas','PVC Rígido con mejorador de impacto','36 mm x 8 mm','Pefíl para unir revestimiento de cámara frigorífica','','','Aplicable en cámaras frigoríficas, laboratorios, salas hospitalarias, etc.','Facil aplicación. Rapidez de instalación. Mejor terminación. Mantenimiento cero. Excelente efecto de sellado.','camaras-frigorificas/2195.png','camaras-frigorificas/2195-t.jpg\r'),
	(9,'2198','perfiles-pvc-zocalos-sanitarios','Conj. Para paneleria de camara frigorifica(actua junto al art. 2199)','Conj. Para paneleria de camara frigorifica(actua junto al art. 2199). Aplicable en camaras frigorificas, laboratorios, salas hospitalarias, etc',1,'camaras-frigorificas','PVC Rígido con mejorador de impacto','40 mm x 17.6 mm','Conj. Para panelería de cámara frigorífica (Actua junto al art. 2199)','','','Aplicable en cámaras frigoríficas, laboratorios, salas hospitalarias, etc.','Facil aplicación. Rapidez de instalación. Mejor terminación. Mantenimiento cero. Excelente efecto de sellado.','camaras-frigorificas/2198.png','camaras-frigorificas/2198-t.jpg\r'),
	(10,'2199','perfiles-pvc-zocalos-sanitarios','Conj. Para paneleria de camara frigorifica(actua junto al art. 2198)','Conj. Para paneleria de camara frigorifica(actua junto al art. 2198). Aplicable en camaras frigorificas, laboratorios, salas hospitalarias, etc',1,'camaras-frigorificas','PVC Rígido con mejorador de impacto','40 mm x 17 mm','Conj. Para panelería de cámara frigorífica (Actua junto al art. 2198)','','','Aplicable en cámaras frigoríficas, laboratorios, salas hospitalarias, etc.','Facil aplicación. Rapidez de instalación. Mejor terminación. Mantenimiento cero. Excelente efecto de sellado.','camaras-frigorificas/2199.png','camaras-frigorificas/2199-t.jpg\r'),
	(11,'2383','perfiles-pvc-zocalos-sanitarios','pantalla de zocalo sanitario con aletas ','pantalla de zocalo sanitario con aletas coextrudadas. Aplicable en camaras frigorificas, laboratorios, salas hospitalarias, etc',1,'camaras-frigorificas','PVC Rígido con mejorador de impacto','25 mm x 25 mm','Pantalla de zócalo sanitario con aletas coextrudadas','','','Aplicable en cámaras frigoríficas, laboratorios, salas hospitalarias, etc.','Facil aplicación. Rapidez de instalación. Mejor terminación. Mantenimiento cero. Excelente efecto de sellado.','camaras-frigorificas/2383.png','camaras-frigorificas/2383-t.jpg\r'),
	(12,'2384','perfiles-pvc-zocalos-sanitarios','base de zocalo sanitario','base de zocalo sanitario. Aplicable en camaras frigorificas, laboratorios, salas hospitalarias.',1,'camaras-frigorificas','PVC Rígido con mejorador de impacto. Coextruido','101 mm de base','Base de zócalo sanitario','','','Aplicable en cámaras frigoríficas, laboratorios, salas hospitalarias, etc.','En sus extremos, posee PVC flexible con caucho atóxico resistente. Facil aplicación. Rapidez de instalación. Mejor terminación. Mantenimiento cero. Excelente efecto de sellado.','camaras-frigorificas/2384.png','camaras-frigorificas/2384-t.jpg\r'),
	(13,'2490','perfiles-pvc-zocalos-sanitarios','Esquinero sanitario interno','Esquinero sanitario interno. Aplicable en camaras frigorificas, laboratorios, salas hospitalarias, etc',1,'camaras-frigorificas','PVC Rígido con mejorador de impacto','51 mm x 50 mm','Esquinero sanitario interno','','','Aplicable en cámaras frigoríficas, laboratorios, salas hospitalarias, etc.','Facil aplicación. Rapidez de instalación. Mejor terminación. Mantenimiento cero. Excelente efecto de sellado.','camaras-frigorificas/2490.png','camaras-frigorificas/2490-t.jpg\r'),
	(14,'2544','perfiles-pvc-zocalos-sanitarios','Pastilla de zocalo sanitario','Pastilla de zocalo sanitario. Aplicable en camaras frigorificas, laboratorios, salas hospitalarias, etc',1,'camaras-frigorificas','PVC Rígido con mejorador de impacto','23.5 mm x 23.5 mm','Pastilla de zócalo sanitario','','','Aplicable en cámaras frigoríficas, laboratorios, salas hospitalarias, etc.','Facil aplicación. Rapidez de instalación. Mejor terminación. Mantenimiento cero. Excelente efecto de sellado.','camaras-frigorificas/2544.png','camaras-frigorificas/2544-t.jpg\r'),
	(15,'2545','perfiles-pvc-zocalos-sanitarios','Base de zocalo sanitario','Base de zocalo sanitario. Aplicable en camaras frigorificas, laboratorios, salas hospitalarias, etc',1,'camaras-frigorificas','PVC Rígido con mejorador de impacto','62 mm de base','Base de zócalo sanitario','','','Aplicable en cámaras frigoríficas, laboratorios, salas hospitalarias, etc.','Facil aplicación. Rapidez de instalación. Mejor terminación. Mantenimiento cero. Excelente efecto de sellado.','camaras-frigorificas/2545.png','camaras-frigorificas/2545-t.jpg\r'),
	(16,'2546','perfiles-pvc-zocalos-sanitarios','pantalla de zocalo sanitario con aletas coextrudadas','pantalla de zocalo sanitario con aletas coextrudadas. Aplicable en camaras frigorificas, laboratorios, salas hospitalarias, etc',1,'camaras-frigorificas','PVC Rígido con mejorador de impacto. Coextruido','62 mm de base','Pantalla de zócalo sanitario con aletas coextrudadas','','','Aplicable en cámaras frigoríficas, laboratorios, salas hospitalarias, etc.','En sus extremos, posee PVC flexible con caucho atóxico resistente. Facil aplicación. Rapidez de instalación. Mejor terminación. Mantenimiento cero. Excelente efecto de sellado.','camaras-frigorificas/2546.png','camaras-frigorificas/2546-t.jpg\r'),
	(17,'2559','perfiles-pvc-zocalos-sanitarios','camaras frigorificas - Angulo de proteccion','Angulo de proteccion. Aplicable en camaras frigorificas, laboratorios, salas hospitalarias, etc',1,'camaras-frigorificas','PVC Rígido con mejorador de impacto','40 mm x 40 mm','Ángulo de protección','','','Aplicable en cámaras frigoríficas, laboratorios, salas hospitalarias, etc.','Facil aplicación. Rapidez de instalación. Mejor terminación. Mantenimiento cero. Excelente efecto de sellado.','camaras-frigorificas/2559.png','camaras-frigorificas/2559-t.jpg\r'),
	(18,'2560','perfiles-pvc-zocalos-sanitarios','Angulo de proteccion','Angulo de proteccion. Aplicable en camaras frigorificas, laboratorios, salas hospitalarias, etc',1,'camaras-frigorificas','PVC Rígido con mejorador de impacto','50 mm x 50 mm','Ángulo de protección','','','Aplicable en cámaras frigoríficas, laboratorios, salas hospitalarias, etc.','Facil aplicación. Rapidez de instalación. Mejor terminación. Mantenimiento cero. Excelente efecto de sellado.','camaras-frigorificas/2560.png','camaras-frigorificas/2560-t.jpg\r'),
	(19,'3068','perfiles-pvc-zocalos-sanitarios','Perfil U para panel de camara frigorifica ','U para panel de camara frigorifica. Aplicable en camaras frigorificas, laboratorios, salas hospitalarias, etc ',1,'camaras-frigorificas','PVC Rígido con mejorador de impacto. Coextruido','99 mm x 60 mm','U  para panel de cámara frigorífica','','','Aplicable en cámaras frigoríficas, laboratorios, salas hospitalarias, etc.','Perfiles U\" con un solo radio sanitario. En sus extremos, posee PVC flexible con caucho atóxico resistente.  Facil aplicación. Rapidez de instalación. Mejor terminación. Mantenimiento cero. Excelente efecto de sellado.\"','camaras-frigorificas/3068.png','camaras-frigorificas/3068-t.jpg\r'),
	(20,'3069','perfiles-pvc-zocalos-sanitarios','U para panel de camara frigorifica ','U para panel de camara frigorifica. Aplicable en camaras frigorificas, laboratorios, salas hospitalarias, etc ',1,'camaras-frigorificas','PVC Rígido con mejorador de impacto. Coextruido','109 mm x 70 mm','U  para panel de cámara frigorífica','','','Aplicable en cámaras frigoríficas, laboratorios, salas hospitalarias, etc.','Perfiles U\" con un solo radio sanitario. En sus extremos, posee PVC flexible con caucho atóxico resistente.  Facil aplicación. Rapidez de instalación. Mejor terminación. Mantenimiento cero. Excelente efecto de sellado.\"','camaras-frigorificas/3069.png','camaras-frigorificas/3069-t.jpg\r'),
	(21,'3070','perfiles-pvc-zocalos-sanitarios','U para salas de hospitales ','U para panel de camara frigorifica. Aplicable en camaras frigorificas, laboratorios, salas hospitalarias, etc ',1,'camaras-frigorificas','PVC Rígido con mejorador de impacto. Coextruido','139 mm x 100 mm','U  para panel de cámara frigorífica','','','Aplicable en cámaras frigoríficas, laboratorios, salas hospitalarias, etc.','Perfiles U\" con un solo radio sanitario. En sus extremos, posee PVC flexible con caucho atóxico resistente.  Facil aplicación. Rapidez de instalación. Mejor terminación. Mantenimiento cero. Excelente efecto de sellado.\"','camaras-frigorificas/3070.png','camaras-frigorificas/3070-t.jpg\r'),
	(22,'3199','perfiles-pvc-zocalos-sanitarios','U para panel de camara frigorifica sin manutencion ','U para panel de camara frigorifica. Aplicable en camaras frigorificas, laboratorios, salas hospitalarias, etc ',1,'camaras-frigorificas','PVC Rígido con mejorador de impacto. Coextruido','60 mm x 41 mm','U  para panel de cámara frigorífica','','','Aplicable en cámaras frigoríficas, laboratorios, salas hospitalarias, etc.','Perfiles U doble radio sanitario. En sus extremos, posee PVC flexible con caucho atóxico resistente. Facil aplicación. Rapidez de instalación. Mejor terminación. Mantenimiento cero. Excelente efecto de sellado.','camaras-frigorificas/3199.png','camaras-frigorificas/3199-t.jpg\r'),
	(23,'3205','perfiles-pvc-zocalos-sanitarios','Perfiles U doble radio sanitario ','Ideal para aquellos lugares donde se requiere la instalacion de paneles de camaras frigorificas con paneles compartidos por recintos consecutivos, cuyo formato de perfil tiene la configuracion de zocalo sanitario a ambos lados. Aplicable en camaras frigorificas, laboratorios, salas hospitalarias, etc',1,'camaras-frigorificas','PVC Rígido con mejorador de impacto. Coextruido','100 mm x 41 mm','Ideal para aquellos lugares donde se requiere la instalación de paneles de cámaras frigoríficas con paneles compartidos por recintos consecutivos, cuyo formato de perfil tiene la configuración de zócalo sanitario a ambos lados.','','','Aplicable en cámaras frigoríficas, laboratorios, salas hospitalarias, etc.','Perfiles U doble radio sanitario. En sus extremos, posee PVC flexible con caucho atóxico resistente. Facil aplicación. Rapidez de instalación. Mejor terminación. Mantenimiento cero. Excelente efecto de sellado.','camaras-frigorificas/3205.png','camaras-frigorificas/3205-t.jpg\r'),
	(24,'3208','perfiles-pvc-zocalos-sanitarios','U para laboratorios ','U para panel de camara frigorifica. Aplicable en camaras frigorificas, laboratorios, salas hospitalarias, etc ',1,'camaras-frigorificas','PVC Rígido con mejorador de impacto','60 mm x 45.3 mm','U  para panel de cámara frigorífica','','','Aplicable en cámaras frigoríficas, laboratorios, salas hospitalarias, etc.','Facil aplicación. Rapidez de instalación. Mejor terminación. Mantenimiento cero. Excelente efecto de sellado.','camaras-frigorificas/3208.png','camaras-frigorificas/3208-t.jpg\r'),
	(25,'3209','perfiles-pvc-zocalos-sanitarios','U para panel de camara frigorifica sin mantenimiento ','U para panel de camara frigorifica. Aplicable en camaras frigorificas, laboratorios, salas hospitalarias, etc ',1,'camaras-frigorificas','PVC Rígido con mejorador de impacto','82 mm x 45 mm','U  para panel de cámara frigorífica','','','Aplicable en cámaras frigoríficas, laboratorios, salas hospitalarias, etc.','Perfiles U  doble radio sanitario. Facil aplicación. Rapidez de instalación. Mejor terminación. Mantenimiento cero. Excelente efecto de sellado.','camaras-frigorificas/3209.png','camaras-frigorificas/3209-t.jpg\r'),
	(26,'3210','perfiles-pvc-zocalos-sanitarios','U para panel de laboratorios ','U para panel de camara frigorifica. Aplicable en camaras frigorificas, laboratorios, salas hospitalarias, etc ',1,'camaras-frigorificas','PVC Rígido con mejorador de impacto','100 mm x 45.3 mm','U  para panel de cámara frigorífica','','','Aplicable en cámaras frigoríficas, laboratorios, salas hospitalarias, etc.','Perfiles U  doble radio sanitario. Facil aplicación. Rapidez de instalación. Mejor terminación. Mantenimiento cero. Excelente efecto de sellado.','camaras-frigorificas/3210.png','camaras-frigorificas/3210-t.jpg\r'),
	(27,'3214','perfiles-pvc-zocalos-sanitarios','pantalla de zocalo sanitario - camaras frigorificas','pantalla de zocalo sanitario. Aplicable en camaras frigorificas, laboratorios, salas hospitalarias',1,'camaras-frigorificas','PVC Rígido con mejorador de impacto. Coextruido','70.2 mm x 26.1 mm','Pantalla de zócalo sanitario ','','','Aplicable en cámaras frigoríficas, laboratorios, salas hospitalarias, etc.','En sus extremos, posee PVC flexible con caucho atóxico resistente. Facil aplicación. Rapidez de instalación. Mejor terminación. Mantenimiento cero. Excelente efecto de sellado.','camaras-frigorificas/3214.png','camaras-frigorificas/3214-t.jpg\r'),
	(28,'ESQ-LARGE','perfiles-pvc-zocalos-sanitarios','Encuentro para zocalo sanitario - camaras frigorificas','Encuentro para zocalo sanitario. Aplicable en camaras frigorificas, laboratorios, salas hospitalarias, etc',1,'camaras-frigorificas','PVC Rígido con mejorador de impacto','85 mm','Encuentro para Zócalo sanitario','','','Aplicable en cámaras frigoríficas, laboratorios, salas hospitalarias, etc.','Accesorios. Facil aplicación. Rapidez de instalación. Mejor terminación. Mantenimiento cero. Excelente efecto de sellado.','camaras-frigorificas/esq-grande.png','camaras-frigorificas/esq-grande-t.jpg'),
	(29,'ESQ-SMALL','perfiles-pvc-zocalos-sanitarios','Encuentro para zocalo sanitario','Encuentro para zocalo sanitario. Aplicable en camaras frigorificas, laboratorios, salas hospitalarias.',1,'camaras-frigorificas','PVC Rígido con mejorador de impacto','55 mm','Encuentro para Zócalo sanitario','','','Aplicable en cámaras frigoríficas, laboratorios, salas hospitalarias, etc.','Accesorios. Facil aplicación. Rapidez de instalación. Mejor terminación. Mantenimiento cero. Excelente efecto de sellado.','camaras-frigorificas/esq-chico.png','camaras-frigorificas/esq-chico-t.jpg'),
	(30,'9015','perfil-cielorraso-encastre','Cielorrasos,Sistema de encastre, peril de union tipo U','Sistema de perfiles de encastre tipo machimbre . Para Aeropuertos, Bancos y escuelas, Estaciones de servicio, etc.9015',2,'cielorraso','PVC Rígido','37.5 mm x 14.5 mm','Sistema de perfiles de encastre tipo machimbre obtenidos a partir de las mas altas tecnologías en la extrusión de compuestos de PVC. Recomendado para todo tipo de cielorrasos exterior.','','','Altamente recomendado para cielorrasos en Aeropuertos, Bancos y escuelas, Estaciones de servicio, Farmacias, Frigoríficos e industrias alimenticias, Hospitales y Laboratorios, Viviendas.','Perfil de unión tipo U Revestimiento aislante termoacústico, Impermeabilidad, resistencia a la humedad RH95, No propaga la llama, Lavable con agua y detergentes neutros, No transmite energía eléctrica.','cielorraso/9015.png','cielorraso/9015-t.jpg'),
	(31,'9016','perfil-cielorraso-encastre','Cielorrasos,Sistema de encastre, peril de union tipo H','Sistema de perfiles de encastre tipo machimbre . Para Aeropuertos, Bancos y escuelas, Estaciones de servicio, etc.9016',2,'cielorraso','PVC Rígido','6.4 mm x 14.5 mm','Sistema de perfiles de encastre tipo machimbre obtenidos a partir de las mas altas tecnologías en la extrusión de compuestos de PVC. Recomendado para todo tipo de cielorrasos exterior.','','','Altamente recomendado para cielorrasos en Aeropuertos, Bancos y escuelas, Estaciones de servicio, Farmacias, Frigoríficos e industrias alimenticias, Hospitales y Laboratorios, Viviendas.','Perfil de unión tipo \"H\"\" Revestimiento aislante termoacústico, Impermeabilidad, resistencia a la humedad RH95, No propaga la llama, Lavable con agua y detergentes neutros, No transmite energía eléctrica.\"','cielorraso/9016.png','cielorraso/9016-t.jpg'),
	(32,'9017','revestimientos-cielorraso','Cielorrasos,revestimiento termoacustico, impermeable','Sistema de perfiles de encastre tipo machimbre . Para Aeropuertos, Bancos y escuelas, Estaciones de servicio, etc.9017',2,'cielorraso','PVC Rígido','200 mm x 14.5 mm','Sistema de perfiles de encastre tipo machimbre obtenidos a partir de las mas altas tecnologías en la extrusión de compuestos de PVC. Recomendado para todo tipo de cielorrasos exterior.','','','Altamente recomendado para cielorrasos en Aeropuertos, Bancos y escuelas, Estaciones de servicio, Farmacias, Frigoríficos e industrias alimenticias, Hospitales y Laboratorios, Viviendas.','Revestimiento aislante termoacústico, Impermeabilidad, resistencia a la humedad RH95, No propaga la llama, Lavable con agua y detergentes neutros, No transmite energía eléctrica.','cielorraso/9017.png','cielorraso/9017-t.jpg'),
	(33,'9018','perfil-cielorraso-encastre','Cielorrasos,Sistema de encastre peril de union tipo U, lavable','Sistema de perfiles de encastre tipo machimbre . Para Aeropuertos, Bancos y escuelas, Estaciones de servicio, etc.9018',2,'cielorraso','PVC Rígido','37.5 mm x 14.5 mm','Sistema de perfiles de encastre tipo machimbre obtenidos a partir de las mas altas tecnologías en la extrusión de compuestos de PVC. Recomendado para todo tipo de cielorrasos exterior.','','','Altamente recomendado para cielorrasos en Aeropuertos, Bancos y escuelas, Estaciones de servicio, Farmacias, Frigoríficos e industrias alimenticias, Hospitales y Laboratorios, Viviendas.','Perfil de unión tipo U Revestimiento aislante termoacústico, Impermeabilidad, resistencia a la humedad RH95, No propaga la llama, Lavable con agua y detergentes neutros, No transmite energía eléctrica.','cielorraso/9018.png','cielorraso/9018-t.jpg'),
	(34,'9019','perfil-cielorraso-encastre','Cielorrasos,Sistema de encastre, peril de union tipo U, impermeable','Sistema de perfiles de encastre tipo machimbre . Para Aeropuertos, Bancos y escuelas, Estaciones de servicio, etc.9019',2,'cielorraso','PVC Rígido','37.5 mm x 14.5 mm','Sistema de perfiles de encastre tipo machimbre obtenidos a partir de las mas altas tecnologías en la extrusión de compuestos de PVC. Recomendado para todo tipo de cielorrasos exterior.','','','Altamente recomendado para cielorrasos en Aeropuertos, Bancos y escuelas, Estaciones de servicio, Farmacias, Frigoríficos e industrias alimenticias, Hospitales y Laboratorios, Viviendas.','Perfil de unión tipo U Revestimiento aislante termoacústico, Impermeabilidad, resistencia a la humedad RH95, No propaga la llama, Lavable con agua y detergentes neutros, No transmite energía eléctrica.','cielorraso/9019.png','cielorraso/9019-t.jpg'),
	(35,'9020','perfil-cielorraso-encastre','Cielorrasos,Sistema de encastre, peril de union tipo H, termoacustico','Sistema de perfiles de encastre tipo machimbre . Para Aeropuertos, Bancos y escuelas, Estaciones de servicio, etc.9020',2,'cielorraso','PVC Rígido','61. mm x 14.5 mm','Sistema de perfiles de encastre tipo machimbre obtenidos a partir de las mas altas tecnologías en la extrusión de compuestos de PVC. Recomendado para todo tipo de cielorrasos exterior.','','','Altamente recomendado para cielorrasos en Aeropuertos, Bancos y escuelas, Estaciones de servicio, Farmacias, Frigoríficos e industrias alimenticias, Hospitales y Laboratorios, Viviendas.','Perfil de unión tipo \"H\"\" Revestimiento aislante termoacústico, Impermeabilidad, resistencia a la humedad RH95, No propaga la llama, Lavable con agua y detergentes neutros, No transmite energía eléctrica.\"','cielorraso/9020.png','cielorraso/9020-t.jpg'),
	(36,'3025','perfiles-plasticos-pvc-furgones-termicos','perfiles plasticos pvc furgones termicos- Cod 3025','Perfiles plasticos para Furgones Termicos. Desarrollados y diseñados, para soportar bajas temperaturas.3025',3,'furgones-termicos','PVC Rígido con mejorador de impacto. Coextruido','55 mm x 58 mm','Perfiles plásticos para Furgones Térmicos','6 Metros ','','Desarrollados y diseñados, para soportar bajas temperaturas exigidas por las cargas congeladas','Aletas coextrudadas de PVC lexible con caucho atóxico.','furgones-termicos/3025.png','furgones-termicos/3025-t.jpg\r'),
	(37,'3027','perfiles-plasticos-pvc-furgones-termicos','perfiles plasticos pvc furgones termicos- Cod 3027','Perfiles plasticos para Furgones Termicos. Desarrollados y diseñados, para soportar bajas temperaturas.3027',3,'furgones-termicos','PVC Rígido con mejorador de impacto. Coextruido','25 mm x 55 mm','Perfiles plásticos para Furgones Térmicos','6 Metros ','','Desarrollados y diseñados, para soportar bajas temperaturas exigidas por las cargas congeladas','Aletas coextrudadas de PVC lexible con caucho atóxico.','furgones-termicos/3027.png','furgones-termicos/3027-t.jpg\r'),
	(38,'3028','perfiles-plasticos-pvc-furgones-termicos','perfiles plasticos pvc furgones termicos- Cod 3028','Perfiles plasticos para Furgones Termicos. Desarrollados y diseñados, para soportar bajas temperaturas.3028',3,'furgones-termicos','PVC Rígido con mejorador de impacto. Coextruido','85 mm x 56 mm','Perfiles plásticos para Furgones Térmicos','6 Metros ','','Desarrollados y diseñados, para soportar bajas temperaturas exigidas por las cargas congeladas','Aletas coextrudadas de PVC lexible con caucho atóxico.','furgones-termicos/3028.png','furgones-termicos/3028-t.jpg\r'),
	(39,'3029','perfiles-plasticos-pvc-furgones-termicos','perfiles plasticos pvc furgones termicos- Cod 3029','Perfiles plasticos para Furgones Termicos. Desarrollados y diseñados, para soportar bajas temperaturas.3029',3,'furgones-termicos','PVC Rígido con mejorador de impacto. Coextruido','25 mm de base','Perfiles plásticos para Furgones Térmicos','6 Metros ','','Desarrollados y diseñados, para soportar bajas temperaturas exigidas por las cargas congeladas','Aletas coextrudadas de PVC lexible con caucho atóxico.','furgones-termicos/3029.png','furgones-termicos/3029-t.jpg\r'),
	(40,'3030','perfiles-plasticos-pvc-furgones-termicos','perfiles plasticos pvc furgones termicos- Cod 3030','Perfiles plasticos para Furgones Termicos. Desarrollados y diseñados, para soportar bajas temperaturas.3030',3,'furgones-termicos','PVC Rígido con mejorador de impacto. Coextruido','55 mm de base','Perfiles plásticos para Furgones Térmicos','6 Metros ','','Desarrollados y diseñados, para soportar bajas temperaturas exigidas por las cargas congeladas','Aletas coextrudadas de PVC lexible con caucho atóxico.','furgones-termicos/3030.png','furgones-termicos/3030-t.jpg\r'),
	(41,'3031','perfiles-plasticos-pvc-furgones-termicos','perfiles plasticos pvc furgones termicos- Cod 3031','Perfiles plasticos para Furgones Termicos. Desarrollados y diseñados, para soportar bajas temperaturas.3031',3,'furgones-termicos','PVC Rígido con mejorador de impacto. Coextruido','85 mm de base','Perfiles plásticos para Furgones Térmicos','6 Metros ','','Desarrollados y diseñados, para soportar bajas temperaturas exigidas por las cargas congeladas','Aletas coextrudadas de PVC lexible con caucho atóxico.','furgones-termicos/3031.png','furgones-termicos/3031-t.jpg\r'),
	(42,'3053','perfiles-plasticos-pvc-furgones-termicos','perfiles plasticos pvc furgones termicos- Cod 3053','Perfiles plasticos para Furgones Termicos. Desarrollados y diseñados, para soportar bajas temperaturas.3053',3,'furgones-termicos','PVC Rígido con mejorador de impacto. Coextruido','100 mm x 57 mm','Perfiles plásticos para Furgones Térmicos','6 Metros ','','Desarrollados y diseñados, para soportar bajas temperaturas exigidas por las cargas congeladas','Aletas coextrudadas de PVC lexible con caucho atóxico.','furgones-termicos/3053.png','furgones-termicos/3053-t.jpg\r'),
	(43,'3054','perfiles-plasticos-pvc-furgones-termicos','perfiles plasticos pvc furgones termicos- Cod 3054','Perfiles plasticos para Furgones Termicos. Desarrollados y diseñados, para soportar bajas temperaturas.3054',3,'furgones-termicos','PVC Rígido con mejorador de impacto. Coextruido','65 mm x 55 mm','Perfiles plásticos para Furgones Térmicos','6 Metros ','','Desarrollados y diseñados, para soportar bajas temperaturas exigidas por las cargas congeladas','Aletas coextrudadas de PVC lexible con caucho atóxico.','furgones-termicos/3054.png','furgones-termicos/3054-t.jpg\r'),
	(44,'3058','perfiles-plasticos-pvc-furgones-termicos','perfiles plasticos pvc furgones termicos- Cod 3058','Perfiles plasticos para Furgones Termicos. Desarrollados y diseñados, para soportar bajas temperaturas.3058',3,'furgones-termicos','PVC Rígido con mejorador de impacto. Coextruido','65 mm x 25 mm','Perfiles plásticos para Furgones Térmicos','6 Metros ','','Desarrollados y diseñados, para soportar bajas temperaturas exigidas por las cargas congeladas','Aletas coextrudadas de PVC lexible con caucho atóxico.','furgones-termicos/3058.png','furgones-termicos/3058-t.jpg\r'),
	(45,'3060','perfiles-plasticos-pvc-furgones-termicos','perfiles plasticos pvc furgones termicos- Cod 3060','Perfiles plasticos para Furgones Termicos. Desarrollados y diseñados, para soportar bajas temperaturas.3060',3,'furgones-termicos','PVC Rígido con mejorador de impacto. Coextruido','100 mm x 22 mm','Perfiles plásticos para Furgones Térmicos','6 Metros ','','Desarrollados y diseñados, para soportar bajas temperaturas exigidas por las cargas congeladas','Aletas coextrudadas de PVC lexible con caucho atóxico.','furgones-termicos/3060.png','furgones-termicos/3060-t.jpg\r'),
	(46,'3072','perfiles-plasticos-pvc-furgones-termicos','perfiles plasticos pvc furgones termicos- Cod 3072','Perfiles plasticos para Furgones Termicos. Desarrollados y diseñados, para soportar bajas temperaturas.3072',3,'furgones-termicos','PVC Rígido con mejorador de impacto. Coextruido','19.5 mm x 41 mm','Perfiles plásticos para Furgones Térmicos','6 Metros ','','Desarrollados y diseñados, para soportar bajas temperaturas exigidas por las cargas congeladas','Aletas coextrudadas de PVC lexible con caucho atóxico.','furgones-termicos/3072.png','furgones-termicos/3072-t.jpg\r'),
	(47,'3061','cobertor-perfiles-iluminacion-policarbonato','Cobertor para perfiles de iluminacion con policarbonato UV','Cobertor para iluminacion en policarbonato con UV. Para Iluminacion decorativa',4,'iluminacion','Policarbonato','45 mm x 32 mm','Cobertor para iluminación en policarbonato con UV','','','Iluminación decorativa. Iluminación para tubos Fluorescentes ó Led. Aplicación para áreas de refrigeración comercial e industrial.','Fácil aplicación. Rapidez de instalación. Mejor terminación. Mantenimiento cero. Resistentes a rayos UV.','iluminacion/3061.png','iluminacion/3061-t.jpg\r'),
	(48,'3082','cobertor-perfiles-iluminacion-policarbonato','Cobertor para perfiles de iluminacion','Para Iluminacion decorativa. Iluminacion para tubos Fluorescentes o Led. Aplicacion para areas de refrigeracion comercial e industrial.',4,'iluminacion','Policarbonato','52 mm x 16 mm','Cobertor para iluminación en policarbonato con UV','','','Iluminación decorativa. Iluminación para tubos Fluorescentes ó Led. Aplicación para áreas de refrigeración comercial e industrial.','Fácil aplicación. Rapidez de instalación. Mejor terminación. Mantenimiento cero. Resistentes a rayos UV.','iluminacion/3082.png','iluminacion/3082-t.jpg\r'),
	(49,'3116','cobertor-perfiles-iluminacion-policarbonato','Cobertor para perfiles de iluminacion policarbonato','Cobertor para iluminacion en policarbonato con UV.  Aplicacion para areas de refrigeracion comercial e industrial.',4,'iluminacion','Policarbonato','117 mm x 13.4 mm','Cobertor para iluminación en policarbonato con UV','','','Iluminación decorativa. Iluminación para tubos Fluorescentes ó Led. Aplicación para áreas de refrigeración comercial e industrial.','Fácil aplicación. Rapidez de instalación. Mejor terminación. Mantenimiento cero. Resistentes a rayos UV.','iluminacion/3116.png','iluminacion/3116-t.jpg\r'),
	(50,'3117','cobertor-perfiles-iluminacion-policarbonato','Cobertor para perfiles de iluminacion policarbonato con UV','Cobertor para iluminacion en policarbonato con UV. Para Iluminacion decorativa. Iluminacion para tubos Fluorescentes o Led. Aplicacion para areas de refrigeracion comercial e industrial.',4,'iluminacion','Policarbonato','102.4 mm x 15.7 mm','Cobertor para iluminación en policarbonato con UV','','','Iluminación decorativa. Iluminación para tubos Fluorescentes ó Led. Aplicación para áreas de refrigeración comercial e industrial.','Fácil aplicación. Rapidez de instalación. Mejor terminación. Mantenimiento cero. Resistentes a rayos UV.','iluminacion/3117.png','iluminacion/3117-t.jpg\r'),
	(51,'2297','policarbonato-pvc-perfiles-union','Perfiles para union y sellado en policarbonato - cod 2297','Perfiles para union y sellado en policarbonato, simple y practico. 2297',5,'policarbonato','Policarbonato con UV','71 mm de base','Perfiles para unión y sellado en policarbonato, simple y práctico.','','','Es una opción ideal para aplicaciones en donde se requiere unir \"H\"\", o sellar U en instalaciones de placas Alveolares de policarbonato.\"','5,80 mts / Tiras por paquete: 20. Perfiles de unión que contienen en su masa aditivos que lo hacen resistentes a los rayos ultravioletas. Terminal para plancha de 4 a 6 mm.','policarbonato/2297.png','policarbonato/2297-t.jpg\r'),
	(52,'2298','policarbonato-pvc-perfiles-union','Perfiles para union y sellado en policarbonato - cod 2298','Perfiles para union y sellado en policarbonato, simple y practico. 2298',5,'policarbonato','Policarbonato con UV','80 mm de base ','Perfiles para unión y sellado en policarbonato, simple y práctico.','','','Es una opción ideal para aplicaciones en donde se requiere unir \"H\"\", o sellar U en instalaciones de placas Alveolares de policarbonato.\"','5,80 mts / Tiras por paquete: 20. Perfiles de unión que contienen en su masa aditivos que lo hacen resistentes a los rayos ultravioletas. Terminal para plancha de 8 a 10 mm.','policarbonato/2298.png','policarbonato/2298-t.jpg\r'),
	(53,'2514','policarbonato-pvc-perfiles-union','Perfiles para union y sellado en policarbonato - cod 2514','Perfiles para union y sellado en policarbonato, simple y practico. 2514',5,'policarbonato','Policarbonato con UV','78 mm x 19.1 mm','Perfiles para unión y sellado en policarbonato, simple y práctico.','','','Es una opción ideal para aplicaciones en donde se requiere unir \"H\"\", o sellar U en instalaciones de placas Alveolares de policarbonato.\"','Perfiles de unión que contienen en su masa aditivos que lo hacen resistentes a los rayos ultravioletas. Terminal para plancha de 16 mm.','policarbonato/2514.png','policarbonato/2514-t.jpg\r'),
	(54,'3032','policarbonato-pvc-perfiles-union','Perfiles para union y sellado en policarbonato - cod 3032','Perfiles para union y sellado en policarbonato, simple y practico. 3032',5,'policarbonato','Policarbonato con UV','6.5 mm x 16.5 mm','Perfiles para unión y sellado en policarbonato, simple y práctico.','','','Es una opción ideal para aplicaciones en donde se requiere unir \"H\"\", o sellar U en instalaciones de placas Alveolares de policarbonato.\"','','policarbonato/3032.png','policarbonato/3032-t.jpg\r'),
	(55,'3033','policarbonato-pvc-perfiles-union','Perfiles para union y sellado en policarbonato - cod 3033','Perfiles para union y sellado en policarbonato, simple y practico. 3033',5,'policarbonato','Policarbonato con UV','11.5 mm x 15.5 mm','Perfiles para unión y sellado en policarbonato, simple y práctico.','','','Es una opción ideal para aplicaciones en donde se requiere unir \"H\"\", o sellar U en instalaciones de placas Alveolares de policarbonato.\"','2,10 mts / Tiras por paquete: 70. Perfiles de sellado que contienen en su masa aditivos que lo hacen resistentes a los rayos ultravioletas. Terminal para plancha de 8 a 10 mm.','policarbonato/3033.png','policarbonato/3033-t.jpg\r'),
	(56,'3184','policarbonato-pvc-perfiles-union','Perfiles para union y sellado en policarbonato - cod 3184','Perfiles para union y sellado en policarbonato, simple y practico.',5,'policarbonato','Policarbonato con UV','59.3 mm de base','Perfiles para unión y sellado en policarbonato, simple y práctico.','','','Se utiliza en conjunto con el art. 3185 para unir planchas de policarbonato','Perfiles de unión clip que contienen en su masa aditivos que lo hacen resistentes a los rayos ultravioletas. Dos posiciones: Para plancha de 5 a 10 mm y de 12 a 16 mm.','policarbonato/3184.png','policarbonato/3184-t.jpg\r'),
	(57,'3185','policarbonato-pvc-perfiles-union','Perfiles para union y sellado en policarbonato - cod 3185','Perfiles para union y sellado en policarbonato',5,'policarbonato','Policarbonato con UV','59.8 mm de base','Perfiles para unión y sellado en policarbonato, simple y práctico.','','','Se utiliza en conjunto con el art. 3184 para unir planchas de policarbonato','Perfiles de unión clip que contienen en su masa aditivos que lo hacen resistentes a los rayos ultravioletas. Dos posiciones: Para plancha de 5 a 10 mm y de 12 a 16 mm.','policarbonato/3185.png','policarbonato/3185-t.jpg\r'),
	(58,'3150-POL','revestimiento-exterior-fachada-quiebravista-policarbonato-uv','revestimiento fachada quiebravista policarbonato uv','quiebravista para revestir fachadas exteriores. Permite su utilizacion como elemento decorativo.',6,'revestimiento-exterior','Policarbonato','34 mm x 75 mm','Permite su utilización como elemento decorativo de contraste en las grandes superficies de revestimiento realizadas con textura lisa.','','','Revestimiento exterior de fachadas, Ventilación para galpones industriales, Oculta escaleras, Muro falso, Cerca divisoria, Control del paso de luz.','Fácil de instalar,Mayor duración y más económico que el aluminio, No requiere mantención, resistencia y solidez a la luz solar directa.','revestimiento-exterior/3150-pol.png','revestimiento-exterior/3150-pol-t.jpg\r'),
	(59,'3150-PVC','revestimiento-exterior-fachada-quiebravista-policarbonato-uv','revestimiento fachada quiebravista policarbonato ','quiebravista para revestir fachadas exteriores. ',6,'revestimiento-exterior','PVC','4 mm x 75 mm','Permite su utilización como elemento decorativo de contraste en las grandes superficies de revestimiento realizadas con textura lisa.','6 Metros ','','Revestimiento exterior de fachadas, Ventilación para galpones industriales, Oculta escaleras, Muro falso, Cerca divisoria, Control del paso de luz.','Fácil de instalar,Mayor duración y más económico que el aluminio, No requiere mantención, resistencia y solidez a la luz solar directa.','revestimiento-exterior/3150-pvc.png','revestimiento-exterior/3150-pvc-t.jpg\r'),
	(60,'5001','moldura-madera-sintetica-polimeros','moldura de madera sintetica,polimeros y sinteticos - Cod 5001','Moldura de madera sintetica. Admiten lustrado y pintado con barnices y pinturas convencionales.5001',7,'listex','Polímeros / Sintético','8 mm x 7 mm','Zócalos de madera sintética','A pedido. Sus medidas son constantes y calibradas, ideales para aplicaciones industriales y para la decoración.','','Listones - Se manipulan igual que la madera, pudiéndose clavar, aserrar, lijar, pintar, lusrar, etc. Entre las ventajas, no son afectadas por la humedad, son inalterables al paso del tiempo, sus superficies son lisas y sin astillas, no son atacadas por microorganismos, insectos ni roedores y no se deterioran por las aguas salinas','Admiten lustrado y pintado con barnices y pinturas convencionales, siendo necesario en algunos casos, la aplicación de un Prymer para mejorar la adherencia.','listex/5001.png','listex/5001-t.jpg\r'),
	(61,'5002','moldura-madera-sintetica-polimeros','moldura de madera sintetica,polimeros y sinteticos - Cod 5002','Moldura de madera sintetica. Admiten lustrado y pintado con barnices y pinturas convencionales.5002',7,'listex','Polímeros / Sintético','9 mm x 9 mm','Zócalos de madera sintética','A pedido. Sus medidas son constantes y calibradas, ideales para aplicaciones industriales y para la decoración.','','Terminaciones - Se manipulan igual que la madera, pudiéndose clavar, aserrar, lijar, pintar, lusrar, etc. Entre las ventajas, no son afectadas por la humedad, son inalterables al paso del tiempo, sus superficies son lisas y sin astillas, no son atacadas por microorganismos, insectos ni roedores y no se deterioran por las aguas salinas','Admiten lustrado y pintado con barnices y pinturas convencionales, siendo necesario en algunos casos, la aplicación de un Prymer para mejorar la adherencia.','listex/5002.png','listex/5002-t.jpg\r'),
	(62,'5003','moldura-madera-sintetica-polimeros','moldura de madera sintetica,polimeros y sinteticos - Cod 5003','Moldura de madera sintetica. Admiten lustrado y pintado con barnices y pinturas convencionales.5003',7,'listex','Polímeros / Sintético','9 mm x 5.5 mm','Zócalos de madera sintética','A pedido. Sus medidas son constantes y calibradas, ideales para aplicaciones industriales y para la decoración.','','Terminaciones - Se manipulan igual que la madera, pudiéndose clavar, aserrar, lijar, pintar, lusrar, etc. Entre las ventajas, no son afectadas por la humedad, son inalterables al paso del tiempo, sus superficies son lisas y sin astillas, no son atacadas por microorganismos, insectos ni roedores y no se deterioran por las aguas salinas','Admiten lustrado y pintado con barnices y pinturas convencionales, siendo necesario en algunos casos, la aplicación de un Prymer para mejorar la adherencia.','listex/5003.png','listex/5003-t.jpg\r'),
	(63,'5013','moldura-madera-sintetica-polimeros','moldura de madera sintetica,polimeros y sinteticos - Cod 5013','Moldura de madera sintetica. Admiten lustrado y pintado con barnices y pinturas convencionales.5013',7,'listex','Polímeros / Sintético','13 mm x 6.7 mm','Zócalos de madera sintética','A pedido. Sus medidas son constantes y calibradas, ideales para aplicaciones industriales y para la decoración.','','Decorativas - Se manipulan igual que la madera, pudiéndose clavar, aserrar, lijar, pintar, lusrar, etc. Entre las ventajas, no son afectadas por la humedad, son inalterables al paso del tiempo, sus superficies son lisas y sin astillas, no son atacadas por microorganismos, insectos ni roedores y no se deterioran por las aguas salinas','Admiten lustrado y pintado con barnices y pinturas convencionales, siendo necesario en algunos casos, la aplicación de un Prymer para mejorar la adherencia.','listex/5013.png','listex/5013-t.jpg\r'),
	(64,'5016','moldura-madera-sintetica-polimeros','moldura de madera sintetica,polimeros y sinteticos - Cod 5016','Moldura de madera sintetica. Admiten lustrado y pintado con barnices y pinturas convencionales.5016',7,'listex','Polímeros / Sintético','12 mm x 12 mm','Zócalos de madera sintética','A pedido. Sus medidas son constantes y calibradas, ideales para aplicaciones industriales y para la decoración.','','Listones - Se manipulan igual que la madera, pudiéndose clavar, aserrar, lijar, pintar, lusrar, etc. Entre las ventajas, no son afectadas por la humedad, son inalterables al paso del tiempo, sus superficies son lisas y sin astillas, no son atacadas por microorganismos, insectos ni roedores y no se deterioran por las aguas salinas','Admiten lustrado y pintado con barnices y pinturas convencionales, siendo necesario en algunos casos, la aplicación de un Prymer para mejorar la adherencia.','listex/5016.png','listex/5016-t.jpg\r'),
	(65,'5019','moldura-madera-sintetica-polimeros','moldura de madera sintetica,polimeros y sinteticos - Cod 5019','Moldura de madera sintetica. Admiten lustrado y pintado con barnices y pinturas convencionales.5019',7,'listex','Polímeros / Sintético','15 mm x 10 mm','Zócalos de madera sintética','A pedido. Sus medidas son constantes y calibradas, ideales para aplicaciones industriales y para la decoración.','','Decorativas - Se manipulan igual que la madera, pudiéndose clavar, aserrar, lijar, pintar, lusrar, etc. Entre las ventajas, no son afectadas por la humedad, son inalterables al paso del tiempo, sus superficies son lisas y sin astillas, no son atacadas por microorganismos, insectos ni roedores y no se deterioran por las aguas salinas','Admiten lustrado y pintado con barnices y pinturas convencionales, siendo necesario en algunos casos, la aplicación de un Prymer para mejorar la adherencia.','listex/5019.png','listex/5019-t.jpg\r'),
	(66,'5027','moldura-madera-sintetica-polimeros','moldura de madera sintetica,polimeros y sinteticos - Cod 5027','Moldura de madera sintetica. Admiten lustrado y pintado con barnices y pinturas convencionales.5027',7,'listex','Polímeros / Sintético','15 mm x 4 mm','Zócalos de madera sintética','A pedido. Sus medidas son constantes y calibradas, ideales para aplicaciones industriales y para la decoración.','','Decorativas - Se manipulan igual que la madera, pudiéndose clavar, aserrar, lijar, pintar, lusrar, etc. Entre las ventajas, no son afectadas por la humedad, son inalterables al paso del tiempo, sus superficies son lisas y sin astillas, no son atacadas por microorganismos, insectos ni roedores y no se deterioran por las aguas salinas','Admiten lustrado y pintado con barnices y pinturas convencionales, siendo necesario en algunos casos, la aplicación de un Prymer para mejorar la adherencia.','listex/5027.png','listex/5027-t.jpg\r'),
	(67,'5029','moldura-madera-sintetica-polimeros','moldura de madera sintetica,polimeros y sinteticos - Cod 5029','Moldura de madera sintetica. Admiten lustrado y pintado con barnices y pinturas convencionales.5029',7,'listex','Polímeros / Sintético','20 mm x 9 mm','Zócalos de madera sintética','A pedido. Sus medidas son constantes y calibradas, ideales para aplicaciones industriales y para la decoración.','','Decorativas - Se manipulan igual que la madera, pudiéndose clavar, aserrar, lijar, pintar, lusrar, etc. Entre las ventajas, no son afectadas por la humedad, son inalterables al paso del tiempo, sus superficies son lisas y sin astillas, no son atacadas por microorganismos, insectos ni roedores y no se deterioran por las aguas salinas','Admiten lustrado y pintado con barnices y pinturas convencionales, siendo necesario en algunos casos, la aplicación de un Prymer para mejorar la adherencia.','listex/5029.png','listex/5029-t.jpg\r'),
	(68,'5030','moldura-madera-sintetica-polimeros','moldura de madera sintetica,polimeros y sinteticos - Cod 5030','Moldura de madera sintetica. Admiten lustrado y pintado con barnices y pinturas convencionales.5030',7,'listex','Polímeros / Sintético','19 mm x 3 mm','Zócalos de madera sintética','A pedido. Sus medidas son constantes y calibradas, ideales para aplicaciones industriales y para la decoración.','','Decorativas - Se manipulan igual que la madera, pudiéndose clavar, aserrar, lijar, pintar, lusrar, etc. Entre las ventajas, no son afectadas por la humedad, son inalterables al paso del tiempo, sus superficies son lisas y sin astillas, no son atacadas por microorganismos, insectos ni roedores y no se deterioran por las aguas salinas','Admiten lustrado y pintado con barnices y pinturas convencionales, siendo necesario en algunos casos, la aplicación de un Prymer para mejorar la adherencia.','listex/5030.png','listex/5030-t.jpg\r'),
	(69,'5033','moldura-madera-sintetica-polimeros','moldura de madera sintetica,polimeros y sinteticos - Cod 5033','Moldura de madera sintetica. Admiten lustrado y pintado con barnices y pinturas convencionales.5033',7,'listex','Polímeros / Sintético','20 mm x 20 mm','Zócalos de madera sintética','A pedido. Sus medidas son constantes y calibradas, ideales para aplicaciones industriales y para la decoración.','','Esquineros - Se manipulan igual que la madera, pudiéndose clavar, aserrar, lijar, pintar, lusrar, etc. Entre las ventajas, no son afectadas por la humedad, son inalterables al paso del tiempo, sus superficies son lisas y sin astillas, no son atacadas por microorganismos, insectos ni roedores y no se deterioran por las aguas salinas','Admiten lustrado y pintado con barnices y pinturas convencionales, siendo necesario en algunos casos, la aplicación de un Prymer para mejorar la adherencia.','listex/5033.png','listex/5033-t.jpg\r'),
	(70,'5034','moldura-madera-sintetica-polimeros','moldura de madera sintetica,polimeros y sinteticos - Cod 5034','Moldura de madera sintetica. Admiten lustrado y pintado con barnices y pinturas convencionales.5034',7,'listex','Polímeros / Sintético','14 mm x 20 mm','Zócalos de madera sintética','A pedido. Sus medidas son constantes y calibradas, ideales para aplicaciones industriales y para la decoración.','','Esquineros - Se manipulan igual que la madera, pudiéndose clavar, aserrar, lijar, pintar, lusrar, etc. Entre las ventajas, no son afectadas por la humedad, son inalterables al paso del tiempo, sus superficies son lisas y sin astillas, no son atacadas por microorganismos, insectos ni roedores y no se deterioran por las aguas salinas','Admiten lustrado y pintado con barnices y pinturas convencionales, siendo necesario en algunos casos, la aplicación de un Prymer para mejorar la adherencia.','listex/5034.png','listex/5034-t.jpg\r'),
	(71,'5035','moldura-madera-sintetica-polimeros','moldura de madera sintetica,polimeros y sinteticos - Cod 5035','Moldura de madera sintetica. Admiten lustrado y pintado con barnices y pinturas convencionales.5035',7,'listex','Polímeros / Sintético','20 mm x 20 mm','Zócalos de madera sintética','A pedido. Sus medidas son constantes y calibradas, ideales para aplicaciones industriales y para la decoración.','','Esquineros - Se manipulan igual que la madera, pudiéndose clavar, aserrar, lijar, pintar, lusrar, etc. Entre las ventajas, no son afectadas por la humedad, son inalterables al paso del tiempo, sus superficies son lisas y sin astillas, no son atacadas por microorganismos, insectos ni roedores y no se deterioran por las aguas salinas','Admiten lustrado y pintado con barnices y pinturas convencionales, siendo necesario en algunos casos, la aplicación de un Prymer para mejorar la adherencia.','listex/5035.png','listex/5035-t.jpg\r'),
	(72,'5036','moldura-madera-sintetica-polimeros','moldura de madera sintetica,polimeros y sinteticos - Cod 5036','Moldura de madera sintetica. Admiten lustrado y pintado con barnices y pinturas convencionales.5036',7,'listex','Polímeros / Sintético','41.5 mm x 3 mm','Zócalos de madera sintética','A pedido. Sus medidas son constantes y calibradas, ideales para aplicaciones industriales y para la decoración.','','Zócalos - Se manipulan igual que la madera, pudiéndose clavar, aserrar, lijar, pintar, lusrar, etc. Entre las ventajas, no son afectadas por la humedad, son inalterables al paso del tiempo, sus superficies son lisas y sin astillas, no son atacadas por microorganismos, insectos ni roedores y no se deterioran por las aguas salinas','Admiten lustrado y pintado con barnices y pinturas convencionales, siendo necesario en algunos casos, la aplicación de un Prymer para mejorar la adherencia.','listex/5036.png','listex/5036-t.jpg\r'),
	(73,'5037','moldura-madera-sintetica-polimeros','moldura de madera sintetica,polimeros y sinteticos - Cod 5037','Moldura de madera sintetica. Admiten lustrado y pintado con barnices y pinturas convencionales.5037',7,'listex','Polímeros / Sintético','20 mm x 3 mm','Zócalos de madera sintética','A pedido. Sus medidas son constantes y calibradas, ideales para aplicaciones industriales y para la decoración.','','Decorativas - Se manipulan igual que la madera, pudiéndose clavar, aserrar, lijar, pintar, lusrar, etc. Entre las ventajas, no son afectadas por la humedad, son inalterables al paso del tiempo, sus superficies son lisas y sin astillas, no son atacadas por microorganismos, insectos ni roedores y no se deterioran por las aguas salinas','Admiten lustrado y pintado con barnices y pinturas convencionales, siendo necesario en algunos casos, la aplicación de un Prymer para mejorar la adherencia.','listex/5037.png','listex/5037-t.jpg\r'),
	(74,'5039','moldura-madera-sintetica-polimeros','moldura de madera sintetica,polimeros y sinteticos - Cod 5039','Moldura de madera sintetica. Admiten lustrado y pintado con barnices y pinturas convencionales.5039',7,'listex','Polímeros / Sintético','23 mm x 20 mm','Zócalos de madera sintética','A pedido. Sus medidas son constantes y calibradas, ideales para aplicaciones industriales y para la decoración.','','Esquineros - Se manipulan igual que la madera, pudiéndose clavar, aserrar, lijar, pintar, lusrar, etc. Entre las ventajas, no son afectadas por la humedad, son inalterables al paso del tiempo, sus superficies son lisas y sin astillas, no son atacadas por microorganismos, insectos ni roedores y no se deterioran por las aguas salinas','Admiten lustrado y pintado con barnices y pinturas convencionales, siendo necesario en algunos casos, la aplicación de un Prymer para mejorar la adherencia.','listex/5039.png','listex/5039-t.jpg\r'),
	(75,'5040','moldura-madera-sintetica-polimeros','moldura de madera sintetica,polimeros y sinteticos - Cod 5040','Moldura de madera sintetica. Admiten lustrado y pintado con barnices y pinturas convencionales.5040',7,'listex','Polímeros / Sintético','10 mm x 3.5 mm','Zócalos de madera sintética','A pedido. Sus medidas son constantes y calibradas, ideales para aplicaciones industriales y para la decoración.','','Decorativas - Se manipulan igual que la madera, pudiéndose clavar, aserrar, lijar, pintar, lusrar, etc. Entre las ventajas, no son afectadas por la humedad, son inalterables al paso del tiempo, sus superficies son lisas y sin astillas, no son atacadas por microorganismos, insectos ni roedores y no se deterioran por las aguas salinas','Admiten lustrado y pintado con barnices y pinturas convencionales, siendo necesario en algunos casos, la aplicación de un Prymer para mejorar la adherencia.','listex/5040.png','listex/5040-t.jpg\r'),
	(76,'5041','moldura-madera-sintetica-polimeros','moldura de madera sintetica,polimeros y sinteticos - Cod 5041','Moldura de madera sintetica. Admiten lustrado y pintado con barnices y pinturas convencionales.5041',7,'listex','Polímeros / Sintético','25 mm x 3 mm','Zócalos de madera sintética','A pedido. Sus medidas son constantes y calibradas, ideales para aplicaciones industriales y para la decoración.','','Decorativas - Se manipulan igual que la madera, pudiéndose clavar, aserrar, lijar, pintar, lusrar, etc. Entre las ventajas, no son afectadas por la humedad, son inalterables al paso del tiempo, sus superficies son lisas y sin astillas, no son atacadas por microorganismos, insectos ni roedores y no se deterioran por las aguas salinas','Admiten lustrado y pintado con barnices y pinturas convencionales, siendo necesario en algunos casos, la aplicación de un Prymer para mejorar la adherencia.','listex/5041.png','listex/5041-t.jpg\r'),
	(77,'5042','moldura-madera-sintetica-polimeros','moldura de madera sintetica,polimeros y sinteticos - Cod 5042','Moldura de madera sintetica. Admiten lustrado y pintado con barnices y pinturas convencionales.5042',7,'listex','Polímeros / Sintético','30 mm x 3 mm','Zócalos de madera sintética','A pedido. Sus medidas son constantes y calibradas, ideales para aplicaciones industriales y para la decoración.','','Decorativas - Se manipulan igual que la madera, pudiéndose clavar, aserrar, lijar, pintar, lusrar, etc. Entre las ventajas, no son afectadas por la humedad, son inalterables al paso del tiempo, sus superficies son lisas y sin astillas, no son atacadas por microorganismos, insectos ni roedores y no se deterioran por las aguas salinas','Admiten lustrado y pintado con barnices y pinturas convencionales, siendo necesario en algunos casos, la aplicación de un Prymer para mejorar la adherencia.','listex/5042.png','listex/5042-t.jpg\r'),
	(78,'5045','moldura-madera-sintetica-polimeros','moldura de madera sintetica,polimeros y sinteticos - Cod 5045','Moldura de madera sintetica. Admiten lustrado y pintado con barnices y pinturas convencionales.5045',7,'listex','Polímeros / Sintético','12 mm x 12 mm','Zócalos de madera sintética','A pedido. Sus medidas son constantes y calibradas, ideales para aplicaciones industriales y para la decoración.','','Esquineros - Se manipulan igual que la madera, pudiéndose clavar, aserrar, lijar, pintar, lusrar, etc. Entre las ventajas, no son afectadas por la humedad, son inalterables al paso del tiempo, sus superficies son lisas y sin astillas, no son atacadas por microorganismos, insectos ni roedores y no se deterioran por las aguas salinas','Admiten lustrado y pintado con barnices y pinturas convencionales, siendo necesario en algunos casos, la aplicación de un Prymer para mejorar la adherencia.','listex/5045.png','listex/5045-t.jpg\r'),
	(79,'5048','moldura-madera-sintetica-polimeros','moldura de madera sintetica,polimeros y sinteticos - Cod 5048','Moldura de madera sintetica. Admiten lustrado y pintado con barnices y pinturas convencionales.5048',7,'listex','Polímeros / Sintético','10 mm x 5.5 mm','Zócalos de madera sintética','A pedido. Sus medidas son constantes y calibradas, ideales para aplicaciones industriales y para la decoración.','','Decorativas - Se manipulan igual que la madera, pudiéndose clavar, aserrar, lijar, pintar, lusrar, etc. Entre las ventajas, no son afectadas por la humedad, son inalterables al paso del tiempo, sus superficies son lisas y sin astillas, no son atacadas por microorganismos, insectos ni roedores y no se deterioran por las aguas salinas','Admiten lustrado y pintado con barnices y pinturas convencionales, siendo necesario en algunos casos, la aplicación de un Prymer para mejorar la adherencia.','listex/5048.png','listex/5048-t.jpg\r'),
	(80,'5049','moldura-madera-sintetica-polimeros','moldura de madera sintetica,polimeros y sinteticos - Cod 5049','Moldura de madera sintetica. Admiten lustrado y pintado con barnices y pinturas convencionales.5049',7,'listex','Polímeros / Sintético','14 mm x 6 mm','Zócalos de madera sintética','A pedido. Sus medidas son constantes y calibradas, ideales para aplicaciones industriales y para la decoración.','','Decorativas - Se manipulan igual que la madera, pudiéndose clavar, aserrar, lijar, pintar, lusrar, etc. Entre las ventajas, no son afectadas por la humedad, son inalterables al paso del tiempo, sus superficies son lisas y sin astillas, no son atacadas por microorganismos, insectos ni roedores y no se deterioran por las aguas salinas','Admiten lustrado y pintado con barnices y pinturas convencionales, siendo necesario en algunos casos, la aplicación de un Prymer para mejorar la adherencia.','listex/5049.png','listex/5049-t.jpg\r'),
	(81,'5050','moldura-madera-sintetica-polimeros','moldura de madera sintetica,polimeros y sinteticos - Cod 5050','Moldura de madera sintetica. Admiten lustrado y pintado con barnices y pinturas convencionales.5050',7,'listex','Polímeros / Sintético','22 mm x 4.5 mm','Zócalos de madera sintética','A pedido. Sus medidas son constantes y calibradas, ideales para aplicaciones industriales y para la decoración.','','Decorativas - Se manipulan igual que la madera, pudiéndose clavar, aserrar, lijar, pintar, lusrar, etc. Entre las ventajas, no son afectadas por la humedad, son inalterables al paso del tiempo, sus superficies son lisas y sin astillas, no son atacadas por microorganismos, insectos ni roedores y no se deterioran por las aguas salinas','Admiten lustrado y pintado con barnices y pinturas convencionales, siendo necesario en algunos casos, la aplicación de un Prymer para mejorar la adherencia.','listex/5050.png','listex/5050-t.jpg\r'),
	(82,'5051','moldura-madera-sintetica-polimeros','moldura de madera sintetica,polimeros y sinteticos - Cod 5051','Moldura de madera sintetica. Admiten lustrado y pintado con barnices y pinturas convencionales.5051',7,'listex','Polímeros / Sintético','12 mm x 12 mm','Zócalos de madera sintética','A pedido. Sus medidas son constantes y calibradas, ideales para aplicaciones industriales y para la decoración.','','Esquineros - Se manipulan igual que la madera, pudiéndose clavar, aserrar, lijar, pintar, lusrar, etc. Entre las ventajas, no son afectadas por la humedad, son inalterables al paso del tiempo, sus superficies son lisas y sin astillas, no son atacadas por microorganismos, insectos ni roedores y no se deterioran por las aguas salinas','Admiten lustrado y pintado con barnices y pinturas convencionales, siendo necesario en algunos casos, la aplicación de un Prymer para mejorar la adherencia.','listex/5051.png','listex/5051-t.jpg\r'),
	(83,'5052','moldura-madera-sintetica-polimeros','moldura de madera sintetica,polimeros y sinteticos - Cod 5052','Moldura de madera sintetica. Admiten lustrado y pintado con barnices y pinturas convencionales.5052',7,'listex','Polímeros / Sintético','11 mm x 11 mm','Zócalos de madera sintética','A pedido. Sus medidas son constantes y calibradas, ideales para aplicaciones industriales y para la decoración.','','Decorativas - Se manipulan igual que la madera, pudiéndose clavar, aserrar, lijar, pintar, lusrar, etc. Entre las ventajas, no son afectadas por la humedad, son inalterables al paso del tiempo, sus superficies son lisas y sin astillas, no son atacadas por microorganismos, insectos ni roedores y no se deterioran por las aguas salinas','Admiten lustrado y pintado con barnices y pinturas convencionales, siendo necesario en algunos casos, la aplicación de un Prymer para mejorar la adherencia.','listex/5052.png','listex/5052-t.jpg\r'),
	(84,'5057','moldura-madera-sintetica-polimeros','moldura de madera sintetica,polimeros y sinteticos - Cod 5057','Moldura de madera sintetica. Admiten lustrado y pintado con barnices y pinturas convencionales.5057',7,'listex','Polímeros / Sintético','30 mm x 12 mm','Zócalos de madera sintética','A pedido. Sus medidas son constantes y calibradas, ideales para aplicaciones industriales y para la decoración.','','Decorativas - Se manipulan igual que la madera, pudiéndose clavar, aserrar, lijar, pintar, lusrar, etc. Entre las ventajas, no son afectadas por la humedad, son inalterables al paso del tiempo, sus superficies son lisas y sin astillas, no son atacadas por microorganismos, insectos ni roedores y no se deterioran por las aguas salinas','Admiten lustrado y pintado con barnices y pinturas convencionales, siendo necesario en algunos casos, la aplicación de un Prymer para mejorar la adherencia.','listex/5057.png','listex/5057-t.jpg\r'),
	(85,'5060','moldura-madera-sintetica-polimeros','moldura de madera sintetica,polimeros y sinteticos - Cod 5060','Moldura de madera sintetica. Admiten lustrado y pintado con barnices y pinturas convencionales.5060',7,'listex','Polímeros / Sintético','30 mm x 7 mm','Zócalos de madera sintética','A pedido. Sus medidas son constantes y calibradas, ideales para aplicaciones industriales y para la decoración.','','Decorativas - Se manipulan igual que la madera, pudiéndose clavar, aserrar, lijar, pintar, lusrar, etc. Entre las ventajas, no son afectadas por la humedad, son inalterables al paso del tiempo, sus superficies son lisas y sin astillas, no son atacadas por microorganismos, insectos ni roedores y no se deterioran por las aguas salinas','Admiten lustrado y pintado con barnices y pinturas convencionales, siendo necesario en algunos casos, la aplicación de un Prymer para mejorar la adherencia.','listex/5060.png','listex/5060-t.jpg\r'),
	(86,'5061','moldura-madera-sintetica-polimeros','moldura de madera sintetica,polimeros y sinteticos - Cod 5061','Moldura de madera sintetica. Admiten lustrado y pintado con barnices y pinturas convencionales.5061',7,'listex','Polímeros / Sintético','17 mm x 7.5 mm','Zócalos de madera sintética','A pedido. Sus medidas son constantes y calibradas, ideales para aplicaciones industriales y para la decoración.','','Decorativas - Se manipulan igual que la madera, pudiéndose clavar, aserrar, lijar, pintar, lusrar, etc. Entre las ventajas, no son afectadas por la humedad, son inalterables al paso del tiempo, sus superficies son lisas y sin astillas, no son atacadas por microorganismos, insectos ni roedores y no se deterioran por las aguas salinas','Admiten lustrado y pintado con barnices y pinturas convencionales, siendo necesario en algunos casos, la aplicación de un Prymer para mejorar la adherencia.','listex/5061.png','listex/5061-t.jpg\r'),
	(87,'5064','moldura-madera-sintetica-polimeros','moldura de madera sintetica,polimeros y sinteticos - Cod 5064','Moldura de madera sintetica. Admiten lustrado y pintado con barnices y pinturas convencionales.5064',7,'listex','Polímeros / Sintético','20 mm x 7 mm','Zócalos de madera sintética','A pedido. Sus medidas son constantes y calibradas, ideales para aplicaciones industriales y para la decoración.','','Decorativas - Se manipulan igual que la madera, pudiéndose clavar, aserrar, lijar, pintar, lusrar, etc. Entre las ventajas, no son afectadas por la humedad, son inalterables al paso del tiempo, sus superficies son lisas y sin astillas, no son atacadas por microorganismos, insectos ni roedores y no se deterioran por las aguas salinas','Admiten lustrado y pintado con barnices y pinturas convencionales, siendo necesario en algunos casos, la aplicación de un Prymer para mejorar la adherencia.','listex/5064.png','listex/5064-t.jpg\r'),
	(88,'5071','moldura-madera-sintetica-polimeros','moldura de madera sintetica,polimeros y sinteticos - Cod 5071','Moldura de madera sintetica. Admiten lustrado y pintado con barnices y pinturas convencionales.5071',7,'listex','Polímeros / Sintético','12 mm x 3 mm','Zócalos de madera sintética','A pedido. Sus medidas son constantes y calibradas, ideales para aplicaciones industriales y para la decoración.','','Moldura \"T\"\"\"\" - Se manipulan igual que la madera, pudiéndose clavar, aserrar, lijar, pintar, lusrar, etc. Entre las ventajas, no son afectadas por la humedad, son inalterables al paso del tiempo, sus superficies son lisas y sin astillas, no son atacadas por microorganismos, insectos ni roedores y no se deterioran por las aguas salinas\"','Admiten lustrado y pintado con barnices y pinturas convencionales, siendo necesario en algunos casos, la aplicación de un Prymer para mejorar la adherencia.','listex/5071.png','listex/5071-t.jpg\r'),
	(89,'5072','moldura-madera-sintetica-polimeros','moldura de madera sintetica,polimeros y sinteticos - Cod 5072','Moldura de madera sintetica. Admiten lustrado y pintado con barnices y pinturas convencionales.5072',7,'listex','Polímeros / Sintético','12 mm x 4.8 mm','Zócalos de madera sintética','A pedido. Sus medidas son constantes y calibradas, ideales para aplicaciones industriales y para la decoración.','','Esquineros - Se manipulan igual que la madera, pudiéndose clavar, aserrar, lijar, pintar, lusrar, etc. Entre las ventajas, no son afectadas por la humedad, son inalterables al paso del tiempo, sus superficies son lisas y sin astillas, no son atacadas por microorganismos, insectos ni roedores y no se deterioran por las aguas salinas','Admiten lustrado y pintado con barnices y pinturas convencionales, siendo necesario en algunos casos, la aplicación de un Prymer para mejorar la adherencia.','listex/5072.png','listex/5072-t.jpg\r'),
	(90,'5073','moldura-madera-sintetica-polimeros','moldura de madera sintetica,polimeros y sinteticos - Cod 5073','Moldura de madera sintetica. Admiten lustrado y pintado con barnices y pinturas convencionales.5073',7,'listex','Polímeros / Sintético','12 mm x 3.2 mm','Zócalos de madera sintética','A pedido. Sus medidas son constantes y calibradas, ideales para aplicaciones industriales y para la decoración.','','Esquineros - Se manipulan igual que la madera, pudiéndose clavar, aserrar, lijar, pintar, lusrar, etc. Entre las ventajas, no son afectadas por la humedad, son inalterables al paso del tiempo, sus superficies son lisas y sin astillas, no son atacadas por microorganismos, insectos ni roedores y no se deterioran por las aguas salinas','Admiten lustrado y pintado con barnices y pinturas convencionales, siendo necesario en algunos casos, la aplicación de un Prymer para mejorar la adherencia.','listex/5073.png','listex/5073-t.jpg\r'),
	(91,'5074','moldura-madera-sintetica-polimeros','moldura de madera sintetica,polimeros y sinteticos - Cod 5074','Moldura de madera sintetica. Admiten lustrado y pintado con barnices y pinturas convencionales.5074',7,'listex','Polímeros / Sintético','30 mm x 30 mm','Zócalos de madera sintética','A pedido. Sus medidas son constantes y calibradas, ideales para aplicaciones industriales y para la decoración.','','Esquineros - Se manipulan igual que la madera, pudiéndose clavar, aserrar, lijar, pintar, lusrar, etc. Entre las ventajas, no son afectadas por la humedad, son inalterables al paso del tiempo, sus superficies son lisas y sin astillas, no son atacadas por microorganismos, insectos ni roedores y no se deterioran por las aguas salinas','Admiten lustrado y pintado con barnices y pinturas convencionales, siendo necesario en algunos casos, la aplicación de un Prymer para mejorar la adherencia.','listex/5074.png','listex/5074-t.jpg\r'),
	(92,'5080','moldura-madera-sintetica-polimeros','moldura de madera sintetica,polimeros y sinteticos - Cod 5080','Moldura de madera sintetica. Admiten lustrado y pintado con barnices y pinturas convencionales.5080',7,'listex','Polímeros / Sintético','30 mm x 30 mm','Zócalos de madera sintética','A pedido. Sus medidas son constantes y calibradas, ideales para aplicaciones industriales y para la decoración.','','Esquineros - Se manipulan igual que la madera, pudiéndose clavar, aserrar, lijar, pintar, lusrar, etc. Entre las ventajas, no son afectadas por la humedad, son inalterables al paso del tiempo, sus superficies son lisas y sin astillas, no son atacadas por microorganismos, insectos ni roedores y no se deterioran por las aguas salinas','Admiten lustrado y pintado con barnices y pinturas convencionales, siendo necesario en algunos casos, la aplicación de un Prymer para mejorar la adherencia.','listex/5080.png','listex/5080-t.jpg\r'),
	(93,'5087','moldura-madera-sintetica-polimeros','moldura de madera sintetica,polimeros y sinteticos - Cod 5087','Moldura de madera sintetica. Admiten lustrado y pintado con barnices y pinturas convencionales.5087',7,'listex','Polímeros / Sintético','23 mm x 3 mm','Zócalos de madera sintética','A pedido. Sus medidas son constantes y calibradas, ideales para aplicaciones industriales y para la decoración.','','Decorativas - Se manipulan igual que la madera, pudiéndose clavar, aserrar, lijar, pintar, lusrar, etc. Entre las ventajas, no son afectadas por la humedad, son inalterables al paso del tiempo, sus superficies son lisas y sin astillas, no son atacadas por microorganismos, insectos ni roedores y no se deterioran por las aguas salinas','Admiten lustrado y pintado con barnices y pinturas convencionales, siendo necesario en algunos casos, la aplicación de un Prymer para mejorar la adherencia.','listex/5087.png','listex/5087-t.jpg\r'),
	(94,'5088','zocalos-madera-sintetica-polimeros','zocalos de madera sintetica,polimeros y sinteticos - Cod 5088','Moldura de madera sintetica. Admiten lustrado y pintado con barnices y pinturas convencionales.5088',7,'listex','Polímeros / Sintético','42 mm x 9 mm','Zócalos de madera sintética','A pedido. Sus medidas son constantes y calibradas, ideales para aplicaciones industriales y para la decoración.','','Cornisas - Se manipulan igual que la madera, pudiéndose clavar, aserrar, lijar, pintar, lusrar, etc. Entre las ventajas, no son afectadas por la humedad, son inalterables al paso del tiempo, sus superficies son lisas y sin astillas, no son atacadas por microorganismos, insectos ni roedores y no se deterioran por las aguas salinas','Admiten lustrado y pintado con barnices y pinturas convencionales, siendo necesario en algunos casos, la aplicación de un Prymer para mejorar la adherencia.','listex/5088.png','listex/5088-t.jpg\r'),
	(95,'5089','moldura-madera-sintetica-polimeros','moldura de madera sintetica,polimeros y sinteticos - Cod 5089','Moldura de madera sintetica. Admiten lustrado y pintado con barnices y pinturas convencionales.5089',7,'listex','Polímeros / Sintético','42 mm x 7 mm','Zócalos de madera sintética','A pedido. Sus medidas son constantes y calibradas, ideales para aplicaciones industriales y para la decoración.','','Decorativas - Se manipulan igual que la madera, pudiéndose clavar, aserrar, lijar, pintar, lusrar, etc. Entre las ventajas, no son afectadas por la humedad, son inalterables al paso del tiempo, sus superficies son lisas y sin astillas, no son atacadas por microorganismos, insectos ni roedores y no se deterioran por las aguas salinas','Admiten lustrado y pintado con barnices y pinturas convencionales, siendo necesario en algunos casos, la aplicación de un Prymer para mejorar la adherencia.','listex/5089.png','listex/5089-t.jpg\r'),
	(96,'5091','moldura-madera-sintetica-polimeros','moldura de madera sintetica,polimeros y sinteticos - Cod 5091','Moldura de madera sintetica. Admiten lustrado y pintado con barnices y pinturas convencionales.5091',7,'listex','Polímeros / Sintético','12.5 mm x 8.5 mm','Zócalos de madera sintética','A pedido. Sus medidas son constantes y calibradas, ideales para aplicaciones industriales y para la decoración.','','Decorativas - Se manipulan igual que la madera, pudiéndose clavar, aserrar, lijar, pintar, lusrar, etc. Entre las ventajas, no son afectadas por la humedad, son inalterables al paso del tiempo, sus superficies son lisas y sin astillas, no son atacadas por microorganismos, insectos ni roedores y no se deterioran por las aguas salinas','Admiten lustrado y pintado con barnices y pinturas convencionales, siendo necesario en algunos casos, la aplicación de un Prymer para mejorar la adherencia.','listex/5091.png','listex/5091-t.jpg\r'),
	(97,'5104','moldura-madera-sintetica-polimeros','moldura de madera sintetica,polimeros y sinteticos - Cod 5104','Moldura de madera sintetica. Admiten lustrado y pintado con barnices y pinturas convencionales.5104',7,'listex','Polímeros / Sintético','15 mm x 15 mm','Zócalos de madera sintética','A pedido. Sus medidas son constantes y calibradas, ideales para aplicaciones industriales y para la decoración.','','Esquineros - Se manipulan igual que la madera, pudiéndose clavar, aserrar, lijar, pintar, lusrar, etc. Entre las ventajas, no son afectadas por la humedad, son inalterables al paso del tiempo, sus superficies son lisas y sin astillas, no son atacadas por microorganismos, insectos ni roedores y no se deterioran por las aguas salinas','Admiten lustrado y pintado con barnices y pinturas convencionales, siendo necesario en algunos casos, la aplicación de un Prymer para mejorar la adherencia.','listex/5104.png','listex/5104-t.jpg\r'),
	(98,'5105','moldura-madera-sintetica-polimeros','moldura de madera sintetica,polimeros y sinteticos - Cod 5105','Moldura de madera sintetica. Admiten lustrado y pintado con barnices y pinturas convencionales.5105',7,'listex','Polímeros / Sintético','15 mm x 15 mm','Zócalos de madera sintética','A pedido. Sus medidas son constantes y calibradas, ideales para aplicaciones industriales y para la decoración.','','Esquineros - Se manipulan igual que la madera, pudiéndose clavar, aserrar, lijar, pintar, lusrar, etc. Entre las ventajas, no son afectadas por la humedad, son inalterables al paso del tiempo, sus superficies son lisas y sin astillas, no son atacadas por microorganismos, insectos ni roedores y no se deterioran por las aguas salinas','Admiten lustrado y pintado con barnices y pinturas convencionales, siendo necesario en algunos casos, la aplicación de un Prymer para mejorar la adherencia.','listex/5105.png','listex/5105-t.jpg\r'),
	(99,'5106','moldura-madera-sintetica-polimeros','moldura de madera sintetica,polimeros y sinteticos - Cod 5106','Moldura de madera sintetica. Admiten lustrado y pintado con barnices y pinturas convencionales.5106',7,'listex','Polímeros / Sintético','15 mm x 4.8 mm','Zócalos de madera sintética','A pedido. Sus medidas son constantes y calibradas, ideales para aplicaciones industriales y para la decoración.','','Esquineros - Se manipulan igual que la madera, pudiéndose clavar, aserrar, lijar, pintar, lusrar, etc. Entre las ventajas, no son afectadas por la humedad, son inalterables al paso del tiempo, sus superficies son lisas y sin astillas, no son atacadas por microorganismos, insectos ni roedores y no se deterioran por las aguas salinas','Admiten lustrado y pintado con barnices y pinturas convencionales, siendo necesario en algunos casos, la aplicación de un Prymer para mejorar la adherencia.','listex/5106.png','listex/5106-t.jpg\r'),
	(100,'5107','moldura-madera-sintetica-polimeros','moldura de madera sintetica,polimeros y sinteticos - Cod 5107','Moldura de madera sintetica. Admiten lustrado y pintado con barnices y pinturas convencionales.5107',7,'listex','Polímeros / Sintético','15 mm x 3.2 mm','Zócalos de madera sintética','A pedido. Sus medidas son constantes y calibradas, ideales para aplicaciones industriales y para la decoración.','','Esquineros - Se manipulan igual que la madera, pudiéndose clavar, aserrar, lijar, pintar, lusrar, etc. Entre las ventajas, no son afectadas por la humedad, son inalterables al paso del tiempo, sus superficies son lisas y sin astillas, no son atacadas por microorganismos, insectos ni roedores y no se deterioran por las aguas salinas','Admiten lustrado y pintado con barnices y pinturas convencionales, siendo necesario en algunos casos, la aplicación de un Prymer para mejorar la adherencia.','listex/5107.png','listex/5107-t.jpg\r'),
	(101,'5108','moldura-madera-sintetica-polimeros','moldura de madera sintetica,polimeros y sinteticos - Cod 5108','Moldura de madera sintetica. Admiten lustrado y pintado con barnices y pinturas convencionales.5108',7,'listex','Polímeros / Sintético','15 mm x 6 mm','Zócalos de madera sintética','A pedido. Sus medidas son constantes y calibradas, ideales para aplicaciones industriales y para la decoración.','','Moldura \"T\"\"\"\" - Se manipulan igual que la madera, pudiéndose clavar, aserrar, lijar, pintar, lusrar, etc. Entre las ventajas, no son afectadas por la humedad, son inalterables al paso del tiempo, sus superficies son lisas y sin astillas, no son atacadas por microorganismos, insectos ni roedores y no se deterioran por las aguas salinas\"','Admiten lustrado y pintado con barnices y pinturas convencionales, siendo necesario en algunos casos, la aplicación de un Prymer para mejorar la adherencia.','listex/5108.png','listex/5108-t.jpg\r'),
	(102,'5109','moldura-madera-sintetica-polimeros','moldura de madera sintetica,polimeros y sinteticos - Cod 5109','Moldura de madera sintetica. Admiten lustrado y pintado con barnices y pinturas convencionales.5109',7,'listex','Polímeros / Sintético','15 mm x 15 mm','Zócalos de madera sintética','A pedido. Sus medidas son constantes y calibradas, ideales para aplicaciones industriales y para la decoración.','','Decorativas - Se manipulan igual que la madera, pudiéndose clavar, aserrar, lijar, pintar, lusrar, etc. Entre las ventajas, no son afectadas por la humedad, son inalterables al paso del tiempo, sus superficies son lisas y sin astillas, no son atacadas por microorganismos, insectos ni roedores y no se deterioran por las aguas salinas','Admiten lustrado y pintado con barnices y pinturas convencionales, siendo necesario en algunos casos, la aplicación de un Prymer para mejorar la adherencia.','listex/5109.png','listex/5109-t.jpg\r'),
	(103,'5113','moldura-madera-sintetica-polimeros','moldura de madera sintetica,polimeros y sinteticos - Cod 5113','Moldura de madera sintetica. Admiten lustrado y pintado con barnices y pinturas convencionales.5113',7,'listex','Polímeros / Sintético','30 mm x 8.5 mm','Zócalos de madera sintética','A pedido. Sus medidas son constantes y calibradas, ideales para aplicaciones industriales y para la decoración.','','Cornisas - Se manipulan igual que la madera, pudiéndose clavar, aserrar, lijar, pintar, lusrar, etc. Entre las ventajas, no son afectadas por la humedad, son inalterables al paso del tiempo, sus superficies son lisas y sin astillas, no son atacadas por microorganismos, insectos ni roedores y no se deterioran por las aguas salinas','Admiten lustrado y pintado con barnices y pinturas convencionales, siendo necesario en algunos casos, la aplicación de un Prymer para mejorar la adherencia.','listex/5113.png','listex/5113-t.jpg\r'),
	(104,'5114','moldura-madera-sintetica-polimeros','moldura de madera sintetica,polimeros y sinteticos - Cod 5114','Moldura de madera sintetica. Admiten lustrado y pintado con barnices y pinturas convencionales.5114',7,'listex','Polímeros / Sintético','30 mm x 6.5 mm','Zócalos de madera sintética','A pedido. Sus medidas son constantes y calibradas, ideales para aplicaciones industriales y para la decoración.','','Decorativas - Se manipulan igual que la madera, pudiéndose clavar, aserrar, lijar, pintar, lusrar, etc. Entre las ventajas, no son afectadas por la humedad, son inalterables al paso del tiempo, sus superficies son lisas y sin astillas, no son atacadas por microorganismos, insectos ni roedores y no se deterioran por las aguas salinas','Admiten lustrado y pintado con barnices y pinturas convencionales, siendo necesario en algunos casos, la aplicación de un Prymer para mejorar la adherencia.','listex/5114.png','listex/5114-t.jpg\r'),
	(105,'5116','moldura-madera-sintetica-polimeros','moldura de madera sintetica,polimeros y sinteticos - Cod 5116','Moldura de madera sintetica. Admiten lustrado y pintado con barnices y pinturas convencionales.5116',7,'listex','Polímeros / Sintético','20 mm x 5.5 mm','Zócalos de madera sintética','A pedido. Sus medidas son constantes y calibradas, ideales para aplicaciones industriales y para la decoración.','','Decorativas - Se manipulan igual que la madera, pudiéndose clavar, aserrar, lijar, pintar, lusrar, etc. Entre las ventajas, no son afectadas por la humedad, son inalterables al paso del tiempo, sus superficies son lisas y sin astillas, no son atacadas por microorganismos, insectos ni roedores y no se deterioran por las aguas salinas','Admiten lustrado y pintado con barnices y pinturas convencionales, siendo necesario en algunos casos, la aplicación de un Prymer para mejorar la adherencia.','listex/5116.png','listex/5116-t.jpg\r'),
	(106,'5118','moldura-madera-sintetica-polimeros','moldura de madera sintetica,polimeros y sinteticos - Cod 5118','Moldura de madera sintetica. Admiten lustrado y pintado con barnices y pinturas convencionales.5118',7,'listex','Polímeros / Sintético','26 mm x 10 mm','Zócalos de madera sintética','A pedido. Sus medidas son constantes y calibradas, ideales para aplicaciones industriales y para la decoración.','','Decorativas - Se manipulan igual que la madera, pudiéndose clavar, aserrar, lijar, pintar, lusrar, etc. Entre las ventajas, no son afectadas por la humedad, son inalterables al paso del tiempo, sus superficies son lisas y sin astillas, no son atacadas por microorganismos, insectos ni roedores y no se deterioran por las aguas salinas','Admiten lustrado y pintado con barnices y pinturas convencionales, siendo necesario en algunos casos, la aplicación de un Prymer para mejorar la adherencia.','listex/5118.png','listex/5118-t.jpg\r'),
	(107,'5132','moldura-madera-sintetica-polimeros','moldura de madera sintetica,polimeros y sinteticos - Cod 5132','Moldura de madera sintetica. Admiten lustrado y pintado con barnices y pinturas convencionales.5132',7,'listex','Polímeros / Sintético','10 mm x 10 mm','Zócalos de madera sintética','A pedido. Sus medidas son constantes y calibradas, ideales para aplicaciones industriales y para la decoración.','','Listones - Se manipulan igual que la madera, pudiéndose clavar, aserrar, lijar, pintar, lusrar, etc. Entre las ventajas, no son afectadas por la humedad, son inalterables al paso del tiempo, sus superficies son lisas y sin astillas, no son atacadas por microorganismos, insectos ni roedores y no se deterioran por las aguas salinas','Admiten lustrado y pintado con barnices y pinturas convencionales, siendo necesario en algunos casos, la aplicación de un Prymer para mejorar la adherencia.','listex/5132.png','listex/5132-t.jpg\r'),
	(108,'6005','zocalos-madera-sintetica-polimeros','zocalos de madera sintetica,polimeros y sinteticos - Cod 6005','Zocalos de madera sintetica. Admiten lustrado y pintado con barnices y pinturas convencionales.6005',7,'listex','Polímeros / Sintético','55 mm x 53 mm','Zócalos de madera sintética','A pedido. Sus medidas son constantes y calibradas, ideales para aplicaciones industriales y para la decoración.','','Zócalos - Se manipulan igual que la madera, pudiéndose clavar, aserrar, lijar, pintar, lusrar, etc. Entre las ventajas, no son afectadas por la humedad, son inalterables al paso del tiempo, sus superficies son lisas y sin astillas, no son atacadas por microorganismos, insectos ni roedores y no se deterioran por las aguas salinas','Admiten lustrado y pintado con barnices y pinturas convencionales, siendo necesario en algunos casos, la aplicación de un Prymer para mejorar la adherencia.','listex/6005.png','listex/6005-t.jpg\r'),
	(109,'6006','zocalos-madera-sintetica-polimeros','zocalos de madera sintetica,polimeros y sinteticos - Cod 6006','Zocalos de madera sintetica. Admiten lustrado y pintado con barnices y pinturas convencionales.6006',7,'listex','Polímeros / Sintético','15 mm x 47 mm','Zócalos de madera sintética','A pedido. Sus medidas son constantes y calibradas, ideales para aplicaciones industriales y para la decoración.','','Zócalos - Se manipulan igual que la madera, pudiéndose clavar, aserrar, lijar, pintar, lusrar, etc. Entre las ventajas, no son afectadas por la humedad, son inalterables al paso del tiempo, sus superficies son lisas y sin astillas, no son atacadas por microorganismos, insectos ni roedores y no se deterioran por las aguas salinas','Admiten lustrado y pintado con barnices y pinturas convencionales, siendo necesario en algunos casos, la aplicación de un Prymer para mejorar la adherencia.','listex/6006.png','listex/6006-t.jpg\r'),
	(110,'6007','zocalos-madera-sintetica-polimeros','zocalos de madera sintetica,polimeros y sinteticos - Cod 6007','Zocalos de madera sintetica. Admiten lustrado y pintado con barnices y pinturas convencionales.6007',7,'listex','Polímeros / Sintético','55 mm x 50 mm','Zócalos de madera sintética','A pedido. Sus medidas son constantes y calibradas, ideales para aplicaciones industriales y para la decoración.','','Zócalos - Se manipulan igual que la madera, pudiéndose clavar, aserrar, lijar, pintar, lusrar, etc. Entre las ventajas, no son afectadas por la humedad, son inalterables al paso del tiempo, sus superficies son lisas y sin astillas, no son atacadas por microorganismos, insectos ni roedores y no se deterioran por las aguas salinas','Admiten lustrado y pintado con barnices y pinturas convencionales, siendo necesario en algunos casos, la aplicación de un Prymer para mejorar la adherencia.','listex/6007.png','listex/6007-t.jpg\r'),
	(111,'6008','zocalos-madera-sintetica-polimeros','zocalos de madera sintetica,polimeros y sinteticos - Cod 6008','Zocalos de madera sintetica. Admiten lustrado y pintado con barnices y pinturas convencionales.6008',7,'listex','Polímeros / Sintético','12 mm x 43 mm','Zócalos de madera sintética','A pedido. Sus medidas son constantes y calibradas, ideales para aplicaciones industriales y para la decoración.','','Pasacable. Se manipulan igual que la madera, pudiéndose clavar, aserrar, lijar, pintar, lusrar, etc. Entre las ventajas, no son afectadas por la humedad, son inalterables al paso del tiempo, sus superficies son lisas y sin astillas, no son atacadas por microorganismos, insectos ni roedores y no se deterioran por las aguas salinas','Admiten lustrado y pintado con barnices y pinturas convencionales, siendo necesario en algunos casos, la aplicación de un Prymer para mejorar la adherencia.','listex/6008.png','listex/6008-t.jpg\r'),
	(112,'6009','zocalos-madera-sintetica-polimeros','zocalos de madera sintetica,polimeros y sinteticos - Cod 6009','Zocalos de madera sintetica. Admiten lustrado y pintado con barnices y pinturas convencionales.6009',7,'listex','Polímeros / Sintético','125 mm x 55 mm','Zócalos de madera sintética','A pedido. Sus medidas son constantes y calibradas, ideales para aplicaciones industriales y para la decoración.','','Pasacable. Se manipulan igual que la madera, pudiéndose clavar, aserrar, lijar, pintar, lusrar, etc. Entre las ventajas, no son afectadas por la humedad, son inalterables al paso del tiempo, sus superficies son lisas y sin astillas, no son atacadas por microorganismos, insectos ni roedores y no se deterioran por las aguas salinas','Admiten lustrado y pintado con barnices y pinturas convencionales, siendo necesario en algunos casos, la aplicación de un Prymer para mejorar la adherencia.','listex/6009.png','listex/6009-t.jpg\r'),
	(113,'6010','zocalos-madera-sintetica-polimeros','zocalos de madera sintetica,polimeros y sinteticos - Cod 6010','Zocalos de madera sintetica. Admiten lustrado y pintado con barnices y pinturas convencionales.6010',7,'listex','Polímeros / Sintético','','Zócalos de madera sintética','A pedido. Sus medidas son constantes y calibradas, ideales para aplicaciones industriales y para la decoración.','','Pasacable. Se manipulan igual que la madera, pudiéndose clavar, aserrar, lijar, pintar, lusrar, etc. Entre las ventajas, no son afectadas por la humedad, son inalterables al paso del tiempo, sus superficies son lisas y sin astillas, no son atacadas por microorganismos, insectos ni roedores y no se deterioran por las aguas salinas','Admiten lustrado y pintado con barnices y pinturas convencionales, siendo necesario en algunos casos, la aplicación de un Prymer para mejorar la adherencia.','listex/6010.png','listex/6010-t.jpg\r'),
	(114,'7501','moldura-madera-sintetica-polimeros','moldura de madera sintetica,polimeros y sinteticos - Cod 7501','Moldura de madera sintetica. Admiten lustrado y pintado con barnices y pinturas convencionales.7501',7,'listex','Polímeros / Sintético','','Zócalos de madera sintética','A pedido. Sus medidas son constantes y calibradas, ideales para aplicaciones industriales y para la decoración.','','Cornisas - Se manipulan igual que la madera, pudiéndose clavar, aserrar, lijar, pintar, lusrar, etc. Entre las ventajas, no son afectadas por la humedad, son inalterables al paso del tiempo, sus superficies son lisas y sin astillas, no son atacadas por microorganismos, insectos ni roedores y no se deterioran por las aguas salinas','Admiten lustrado y pintado con barnices y pinturas convencionales, siendo necesario en algunos casos, la aplicación de un Prymer para mejorar la adherencia.','listex/7501.png','listex/7501-t.jpg\r'),
	(115,'7502','zocalos-madera-sintetica-polimeros','zocalos de madera sintetica,polimeros y sinteticos - Cod 7502','Zocalos de madera sintetica. Admiten lustrado y pintado con barnices y pinturas convencionales.7502',7,'listex','Polímeros / Sintético','','Zócalos de madera sintética','A pedido. Sus medidas son constantes y calibradas, ideales para aplicaciones industriales y para la decoración.','','Zócalos - Se manipulan igual que la madera, pudiéndose clavar, aserrar, lijar, pintar, lusrar, etc. Entre las ventajas, no son afectadas por la humedad, son inalterables al paso del tiempo, sus superficies son lisas y sin astillas, no son atacadas por microorganismos, insectos ni roedores y no se deterioran por las aguas salinas','Admiten lustrado y pintado con barnices y pinturas convencionales, siendo necesario en algunos casos, la aplicación de un Prymer para mejorar la adherencia.','listex/7502.png','listex/7502-t.jpg\r'),
	(116,'7506','zocalos-madera-sintetica-polimeros','zocalos de madera sintetica,polimeros y sinteticos - Cod 7506','Zocalos de madera sintetica. Admiten lustrado y pintado con barnices y pinturas convencionales.7506',7,'listex','Polímeros / Sintético','','Zócalos de madera sintética','A pedido. Sus medidas son constantes y calibradas, ideales para aplicaciones industriales y para la decoración.','','Zócalos - Se manipulan igual que la madera, pudiéndose clavar, aserrar, lijar, pintar, lusrar, etc. Entre las ventajas, no son afectadas por la humedad, son inalterables al paso del tiempo, sus superficies son lisas y sin astillas, no son atacadas por microorganismos, insectos ni roedores y no se deterioran por las aguas salinas','Admiten lustrado y pintado con barnices y pinturas convencionales, siendo necesario en algunos casos, la aplicación de un Prymer para mejorar la adherencia.','listex/7506.png','listex/7506-t.jpg\r'),
	(117,'7507','zocalos-madera-sintetica-polimeros','zocalos de madera sintetica,polimeros y sinteticos - Cod 7507','Zocalos de madera sintetica. Admiten lustrado y pintado con barnices y pinturas convencionales.7507',7,'listex','Polímeros / Sintético','','Zócalos de madera sintética','A pedido. Sus medidas son constantes y calibradas, ideales para aplicaciones industriales y para la decoración.','','Zócalos - Se manipulan igual que la madera, pudiéndose clavar, aserrar, lijar, pintar, lusrar, etc. Entre las ventajas, no son afectadas por la humedad, son inalterables al paso del tiempo, sus superficies son lisas y sin astillas, no son atacadas por microorganismos, insectos ni roedores y no se deterioran por las aguas salinas','Admiten lustrado y pintado con barnices y pinturas convencionales, siendo necesario en algunos casos, la aplicación de un Prymer para mejorar la adherencia.','listex/7507.png','listex/7507-t.jpg\r'),
	(118,'7508','zocalos-madera-sintetica-polimeros','zocalos de madera sintetica,polimeros y sinteticos - Cod 7508','Zocalos de madera sintetica. Admiten lustrado y pintado con barnices y pinturas convencionales.7508',7,'listex','Polímeros / Sintético','','Zócalos de madera sintética','A pedido. Sus medidas son constantes y calibradas, ideales para aplicaciones industriales y para la decoración.','','Zócalos - Se manipulan igual que la madera, pudiéndose clavar, aserrar, lijar, pintar, lusrar, etc. Entre las ventajas, no son afectadas por la humedad, son inalterables al paso del tiempo, sus superficies son lisas y sin astillas, no son atacadas por microorganismos, insectos ni roedores y no se deterioran por las aguas salinas','Admiten lustrado y pintado con barnices y pinturas convencionales, siendo necesario en algunos casos, la aplicación de un Prymer para mejorar la adherencia.','listex/7508.png','listex/7508-t.jpg\r'),
	(119,'7509','zocalos-madera-sintetica-polimeros','zocalos de madera sintetica,polimeros y sinteticos - Cod 7509','Zocalos de madera sintetica. Admiten lustrado y pintado con barnices y pinturas convencionales.7509',7,'listex','Polímeros / Sintético','','Zócalos de madera sintética','A pedido. Sus medidas son constantes y calibradas, ideales para aplicaciones industriales y para la decoración.','','Zócalos - Se manipulan igual que la madera, pudiéndose clavar, aserrar, lijar, pintar, lusrar, etc. Entre las ventajas, no son afectadas por la humedad, son inalterables al paso del tiempo, sus superficies son lisas y sin astillas, no son atacadas por microorganismos, insectos ni roedores y no se deterioran por las aguas salinas','Admiten lustrado y pintado con barnices y pinturas convencionales, siendo necesario en algunos casos, la aplicación de un Prymer para mejorar la adherencia.','listex/7509.png','listex/7509-t.jpg\r'),
	(120,'2276','botazo-nautico-pvc-flexible','botazo nautico pvc flexible reforzado','Botazos Nauticos en PVC para proteccion de embarcaciones nauticas. ',9,'nautica','PVC flexible de alta resistencia','75 mm x 135 mm','Paragolpe de muelle tipo \"P\"\"\"','3 Metros','Negro, Blanco, Gris claro','','','nautica/2276.png','nautica/2276-t.jpg\r'),
	(121,'2373','botazo-nautico-pvc-flexible-8mm','botazo nautico pvc flexible reforzado de 8mm','Botazos Nauticos fabricados en PVC flexible de alta resistencia para proteccion de embarcaciones nauticas. ',9,'nautica','PVC flexible de alta resistencia','55 mm x 120 mm','Paragolpe náutico \"Omega\"\" Tipo \"\"D\"\"\"','3 Metros','Negro, Blanco','','','nautica/2373.png','nautica/2373-t.jpg\r'),
	(122,'2416','botazo-nautico-pvc-flexible-6mm','botazo nautico pvc flexible reforzado de 6mm','Botazos Nauticos fabricados en PVC flexible de alta resistencia para  embarcaciones nauticas. ',9,'nautica','PVC flexible de alta resistencia','45 mm x 100 mm','Paragolpe náutico \"Omega\"\" Tipo \"\"D\"\"\"','3 Metros','Negro, Blanco','','','nautica/2416.png','nautica/2416-t.jpg\r'),
	(123,'2565','botazo-nautico-pvc-flexible-4mm','botazo nautico pvc flexible reforzado de 4mm','Botazos Nauticos para proteccion de embarcaciones nauticas. ',9,'nautica','PVC flexible de alta resistencia','45 mm x 100 mm','Paragolpe náutico \"Omega\"\" Tipo \"\"D\"\"\"','3 Metros','Negro, Blanco','','','nautica/2565.png','nautica/2565-t.jpg\r'),
	(124,'2566','botazo-nautico-pvc-flexible-5mm','botazo nautico pvc flexible reforzado de 5mm','Botazos Nauticos fabricados en PVC flexible de alta resistencia.',9,'nautica','PVC flexible de alta resistencia','55 mm x 120 mm','Paragolpe náutico \"Omega\"\" Tipo \"\"D\"\"\"','3 Metros','Negro, Blanco','','','nautica/2566.png','nautica/2566-t.jpg\r'),
	(125,'2348','portaprecio-diferentes-sujecciones-tipo-ganchera','portaprecio diferentes sujecciones, pvc rigido y coextrusion - Cod 2348','portaprecio en pvc rigido y coextrusion. Se recomienda sus uso en Supermercadismo, Retails, y material POP.2348',8,'publicidad','PVC Rígido','83 mm x 25 mm','Perfil sujeta lámina de plastico','Largos standard en stock permanente. Consulte por largos especiales bajo pedido','','Supermercadismo, Retails, y material POP','Fácil aplicación. Rapidez de instalación. Mejor terminación. Mantenimiento cero.','publicidad/2348.png','publicidad/2348-t.jpg\r'),
	(126,'2394','portaprecio-diferentes-sujecciones-tipo-ganchera','portaprecio diferentes sujecciones, pvc rigido y coextrusion - Cod 2394','portaprecio en pvc rigido y coextrusion. Se recomienda sus uso en Supermercadismo, Retails, y material POP.2394',8,'publicidad','PVC Rígido','6 mm x 20 mm','','Largos standard en stock permanente. Consulte por largos especiales bajo pedido','','Supermercadismo, Retails, y material POP','Fácil aplicación. Rapidez de instalación. Mejor terminación. Mantenimiento cero.','publicidad/2394.png','publicidad/2394-t.jpg\r'),
	(127,'2420','portaprecio-diferentes-sujecciones-tipo-ganchera','portaprecio diferentes sujecciones, pvc rigido y coextrusion - Cod 2420','portaprecio en pvc rigido y coextrusion. Se recomienda sus uso en Supermercadismo, Retails, y material POP.2420',8,'publicidad','Material rígido','37 mm de alto','Portaprecio con encastre','Piezas de 65 mm / 75 mm / 80 mm.','','Supermercadismo, Retails, y material POP','Fácil aplicación. Rapidez de instalación. Mejor terminación. Mantenimiento cero.','publicidad/2420.png','publicidad/2420-t.jpg\r'),
	(128,'2472','portaprecio-diferentes-sujecciones-tipo-ganchera','portaprecio diferentes sujecciones, pvc rigido y coextrusion - Cod 2472','portaprecio en pvc rigido y coextrusion. Se recomienda sus uso en Supermercadismo, Retails, y material POP.2472',8,'publicidad','Material rígido','12 mm x 37 mm','Portaprecio con encastre','Piezas de 65 mm / 75 mm / 80 mm.','','Supermercadismo, Retails, y material POP','Fácil aplicación. Rapidez de instalación. Mejor terminación. Mantenimiento cero.','publicidad/2472.png','publicidad/2472-t.jpg\r'),
	(129,'2512','portaprecio-diferentes-sujecciones-tipo-ganchera','portaprecio diferentes sujecciones, pvc rigido y coextrusion - Cod 2512','portaprecio en pvc rigido y coextrusion. Se recomienda sus uso en Supermercadismo, Retails, y material POP.2512',8,'publicidad','PVC Rígido','25 mm x 25 mm','','Largos standard en stock permanente. Consulte por largos especiales bajo pedido','','Supermercadismo, Retails, y material POP','Fácil aplicación. Rapidez de instalación. Mejor terminación. Mantenimiento cero.','publicidad/2512.png','publicidad/2512-t.jpg\r'),
	(130,'3087','portaprecio-diferentes-sujecciones-tipo-ganchera','portaprecio diferentes sujecciones, pvc rigido y coextrusion - Cod 3087','portaprecio en pvc rigido y coextrusion. Se recomienda sus uso en Supermercadismo, Retails, y material POP.3087',8,'publicidad','PVC rígido coextrudado','43 mm de alto','Portaprecio publicitario','Piezas de 65 mm / 75 mm / 80 mm.','','Supermercadismo, Retails, y material POP','Fácil aplicación. Rapidez de instalación. Mejor terminación. Mantenimiento cero.','publicidad/3087.png','publicidad/3087-t.jpg\r'),
	(131,'3098','portaprecio-diferentes-sujecciones-tipo-ganchera','portaprecio diferentes sujecciones, pvc rigido y coextrusion - Cod 3098','portaprecio en pvc rigido y coextrusion. Se recomienda sus uso en Supermercadismo, Retails, y material POP.3098',8,'publicidad','PVC rígido cristal','11 mm x 17 mm','Perfi POP sujeta cartel','Largos standard en stock permanente. Consulte por largos especiales bajo pedido','','Supermercadismo, Retails, y material POP','Fácil aplicación. Rapidez de instalación. Mejor terminación. Mantenimiento cero.','publicidad/3098.png','publicidad/3098-t.jpg\r'),
	(132,'3099','portaprecio-diferentes-sujecciones-tipo-ganchera','portaprecio diferentes sujecciones, pvc rigido y coextrusion - Cod 3099','portaprecio en pvc rigido y coextrusion. Se recomienda sus uso en Supermercadismo, Retails, y material POP.3099',8,'publicidad','PVC rígido cristal','27 mm de base','Perfi POP sujeta cartel con movimiento pivot','Largos standard en stock permanente. Consulte por largos especiales bajo pedido','','Supermercadismo, Retails, y material POP','Fácil aplicación. Rapidez de instalación. Mejor terminación. Mantenimiento cero.','publicidad/3099.png','publicidad/3099-t.jpg\r'),
	(133,'3182','portaprecio-diferentes-sujecciones-tipo-ganchera','portaprecio diferentes sujecciones, pvc rigido y coextrusion - Cod 3182','portaprecio en pvc rigido y coextrusion. Se recomienda sus uso en Supermercadismo, Retails, y material POP.3182',8,'publicidad','PVC rígido cristal','38.5 mm x 41 mm','Perfil POP sujeta cartel con movimiento pivot','Largos standard en stock permanente. Consulte por largos especiales bajo pedido','','Supermercadismo, Retails, y material POP','Fácil aplicación. Rapidez de instalación. Mejor terminación. Mantenimiento cero.','publicidad/3182.png','publicidad/3182-t.jpg\r'),
	(134,'9502','portaprecio-diferentes-sujecciones-tipo-ganchera','portaprecio diferentes sujecciones, pvc rigido y coextrusion - Cod 9502','portaprecio en pvc rigido y coextrusion. Se recomienda sus uso en Supermercadismo, Retails, y material POP.9502',8,'publicidad','PVC rígido coextrudado','46.5 mm de alto','Portaprecio para bliester','Piezas de 65 mm / 75 mm / 80 mm.','','Supermercadismo, Retails, y material POP','Fácil aplicación. Rapidez de instalación. Mejor terminación. Mantenimiento cero.','publicidad/9502.png','publicidad/9502-t.jpg\r'),
	(135,'9503','portaprecio-diferentes-sujecciones-tipo-ganchera','portaprecio diferentes sujecciones, pvc rigido y coextrusion - Cod 9503','portaprecio en pvc rigido y coextrusion. Se recomienda sus uso en Supermercadismo, Retails, y material POP.9503',8,'publicidad','PVC rígido coextrudado','45.1 mm de alto','Portaprecio universal','Largos standard en stock permanente. Consulte por largos especiales bajo pedido','','Supermercadismo, Retails, y material POP','Fácil aplicación. Rapidez de instalación. Mejor terminación. Mantenimiento cero.','publicidad/9503.png','publicidad/9503-t.jpg\r'),
	(136,'9511','portaprecio-diferentes-sujecciones-tipo-ganchera','portaprecio diferentes sujecciones, pvc rigido y coextrusion - Cod 9511','portaprecio en pvc rigido y coextrusion. Se recomienda sus uso en Supermercadismo, Retails, y material POP.9511',8,'publicidad','PVC rígido coextrudado','7 mm x 14 mm','Perfil sujeta cartel','Largos standard en stock permanente. Consulte por largos especiales bajo pedido','','Supermercadismo, Retails, y material POP','Fácil aplicación. Rapidez de instalación. Mejor terminación. Mantenimiento cero.','publicidad/9511.png','publicidad/9511-t.jpg\r'),
	(137,'9589','portaprecio-diferentes-sujecciones-tipo-ganchera','portaprecio diferentes sujecciones, pvc rigido y coextrusion - Cod 9589','portaprecio en pvc rigido y coextrusion. Se recomienda sus uso en Supermercadismo, Retails, y material POP.9589',8,'publicidad','PVC rígido coextrudado','53 mm desplegado','Portaprecio universal','Piezas de 65 mm / 75 mm / 80 mm.','','Supermercadismo, Retails, y material POP','Fácil aplicación. Rapidez de instalación. Mejor terminación. Mantenimiento cero.','publicidad/9589.png','publicidad/9589-t.jpg\r'),
	(138,'9590','portaprecio-diferentes-sujecciones-tipo-ganchera','portaprecio diferentes sujecciones, pvc rigido y coextrusion - Cod 9590','portaprecio en pvc rigido y coextrusion. Se recomienda sus uso en Supermercadismo, Retails, y material POP.9590',8,'publicidad','PVC rígido coextrudado','38 mm de alto','Portaprecio con encastre','Largos standard en stock permanente. Consulte por largos especiales bajo pedido','','Supermercadismo, Retails, y material POP','Fácil aplicación. Rapidez de instalación. Mejor terminación. Mantenimiento cero.','publicidad/9590.png','publicidad/9590-t.jpg\r'),
	(139,'9591','portaprecio-diferentes-sujecciones-tipo-ganchera','portaprecio diferentes sujecciones, pvc rigido y coextrusion - Cod 9591','portaprecio en pvc rigido y coextrusion. Se recomienda sus uso en Supermercadismo, Retails, y material POP.9591',8,'publicidad','PVC rígido coextrudado','49 mm de alto','Portaprecio con encastre','Largos standard en stock permanente. Consulte por largos especiales bajo pedido','','Supermercadismo, Retails, y material POP','Fácil aplicación. Rapidez de instalación. Mejor terminación. Mantenimiento cero.','publicidad/9591.png','publicidad/9591-t.jpg\r'),
	(140,'9593','portaprecio-diferentes-sujecciones-tipo-ganchera','portaprecio diferentes sujecciones, pvc rigido y coextrusion - Cod 9593','portaprecio en pvc rigido y coextrusion. Se recomienda sus uso en Supermercadismo, Retails, y material POP.9593',8,'publicidad','PVC rígido coextrudado','44.5 desplegado','Portaprecio con encastre','Largos standard en stock permanente. Consulte por largos especiales bajo pedido','','Supermercadismo, Retails, y material POP','Fácil aplicación. Rapidez de instalación. Mejor terminación. Mantenimiento cero.','publicidad/9593.png','publicidad/9593-t.jpg\r'),
	(141,'9594','portaprecio-diferentes-sujecciones-tipo-ganchera','portaprecio diferentes sujecciones, pvc rigido y coextrusion - Cod 9594','portaprecio en pvc rigido y coextrusion. Se recomienda sus uso en Supermercadismo, Retails, y material POP.9594',8,'publicidad','PVC rígido coextrudado','14.6 mm x 42.5 mm','Portaprecio con encastre','Piezas de 65 mm / 75 mm / 80 mm.','','Supermercadismo, Retails, y material POP','Fácil aplicación. Rapidez de instalación. Mejor terminación. Mantenimiento cero.','publicidad/9594.png','publicidad/9594-t.jpg\r'),
	(142,'9595','portaprecio-diferentes-sujecciones-tipo-ganchera','portaprecio diferentes sujecciones, pvc rigido y coextrusion - Cod 9595','portaprecio en pvc rigido y coextrusion. Se recomienda sus uso en Supermercadismo, Retails, y material POP.9595',8,'publicidad','PVC rígido coextrudado','39.5 mm x 39.5 mm','Portaprecio con encastre','Largos standard en stock permanente. Consulte por largos especiales bajo pedido','','Supermercadismo, Retails, y material POP','Fácil aplicación. Rapidez de instalación. Mejor terminación. Mantenimiento cero.','publicidad/9595.png','publicidad/9595-t.jpg\r'),
	(143,'9596','portaprecio-diferentes-sujecciones-tipo-ganchera','portaprecio diferentes sujecciones, pvc rigido y coextrusion - Cod 9596','portaprecio en pvc rigido y coextrusion. Se recomienda sus uso en Supermercadismo, Retails, y material POP.9596',8,'publicidad','PVC rígido coextrudado','11.2 mm x 44.3 mm','Portaprecio con encastre','Largos standard en stock permanente. Consulte por largos especiales bajo pedido','','Supermercadismo, Retails, y material POP','Fácil aplicación. Rapidez de instalación. Mejor terminación. Mantenimiento cero.','publicidad/9596.png','publicidad/9596-t.jpg\r'),
	(144,'9597','portaprecio-diferentes-sujecciones-tipo-ganchera','portaprecio diferentes sujecciones, pvc rigido y coextrusion - Cod 9597','portaprecio en pvc rigido y coextrusion. Se recomienda sus uso en Supermercadismo, Retails, y material POP. 9997',8,'publicidad','PVC rígido coextrudado','23 mm x 36.2 mm','Portaprecio con movimiento pivot (PASO 25 MM)','Piezas de 65 mm / 75 mm / 80 mm.','','Supermercadismo, Retails, y material POP','Fácil aplicación. Rapidez de instalación. Mejor terminación. Mantenimiento cero.','publicidad/9597.png','publicidad/9597-t.jpg\r'),
	(145,'9598','portaprecio-diferentes-sujecciones-tipo-ganchera','portaprecio diferentes sujecciones, pvc rigido y coextrusion - Cod 9598','portaprecio en pvc rigido y coextrusion. Se recomienda sus uso en Supermercadismo, Retails, y material POP.9598',8,'publicidad','PVC rígido coextrudado','18 mm x 48 mm','Portaprecio con encastre','Piezas de 65 mm / 75 mm / 80 mm.','','Supermercadismo, Retails, y material POP','Fácil aplicación. Rapidez de instalación. Mejor terminación. Mantenimiento cero.','publicidad/9598.png','publicidad/9598-t.jpg\r'),
	(146,'9599','portaprecio-diferentes-sujecciones-tipo-ganchera','portaprecio diferentes sujecciones, pvc rigido y coextrusion - Cod 9599','portaprecio en pvc rigido y coextrusion. Se recomienda sus uso en Supermercadismo, Retails, y material POP.9599',8,'publicidad','PVC rígido coextrudado','35 mm de alto','Portaprecio con encastre','Piezas de 65 mm / 75 mm / 80 mm.','','Supermercadismo, Retails, y material POP','Fácil aplicación. Rapidez de instalación. Mejor terminación. Mantenimiento cero.','publicidad/9599.png','publicidad/9599-t.jpg\r'),
	(147,'9600','portaprecio-diferentes-sujecciones-tipo-ganchera','portaprecio diferentes sujecciones, pvc rigido y coextrusion - Cod 9600','portaprecio en pvc rigido y coextrusion. Se recomienda sus uso en Supermercadismo, Retails, y material POP.9600',8,'publicidad','PVC rígido coextrudado','78 mm de alto','Portaprecio universal, ideal para racks','Largos standard en stock permanente. Consulte por largos especiales bajo pedido','','Supermercadismo, Retails, y material POP','Fácil aplicación. Rapidez de instalación. Mejor terminación. Mantenimiento cero.','publicidad/9600.png','publicidad/9600-t.jpg\r'),
	(148,'9603','portaprecio-diferentes-sujecciones-tipo-ganchera','portaprecio diferentes sujecciones, pvc rigido y coextrusion - Cod 9603','portaprecio en pvc rigido y coextrusion. Se recomienda sus uso en Supermercadismo, Retails, y material POP.9603',8,'publicidad','PVC rígido coextrudado','19 mm x 41 mm','Portaprecio con encastre','Largos standard en stock permanente. Consulte por largos especiales bajo pedido','','Supermercadismo, Retails, y material POP','Fácil aplicación. Rapidez de instalación. Mejor terminación. Mantenimiento cero.','publicidad/9603.png','publicidad/9603-t.jpg\r'),
	(149,'2342-43','portaprecio-diferentes-sujecciones-tipo-ganchera','portaprecio diferentes sujecciones, pvc rigido y coextrusion - Cod 2342 /43','portaprecio en pvc rigido y coextrusion. Se recomienda sus uso en Supermercadismo, Retails, y material POP.2342-43',8,'publicidad','PVC rígido y coextrusión','6 mm x 22 mm','Conjunto para sujetar carteles o laminas, tipo banner','Largos standard en stock permanente. Consulte por largos especiales bajo pedido','','Supermercadismo, Retails, y material POP','Fácil aplicación. Rapidez de instalación. Mejor terminación. Mantenimiento cero.','publicidad/2342-2343.png','publicidad/2342-2343-t.jpg'),
	(150,'2516-17','portaprecio-diferentes-sujecciones-tipo-ganchera','portaprecio diferentes sujecciones, pvc rigido y coextrusion - Cod 2516/17','portaprecio en pvc rigido y coextrusion. Se recomienda sus uso en Supermercadismo, Retails, y material POP.2516-17',8,'publicidad','PVC rígido y coextrusión','6 mm x 27.5 mm','','Largos standard en stock permanente. Consulte por largos especiales bajo pedido','','Supermercadismo, Retails, y material POP','Fácil aplicación. Rapidez de instalación. Mejor terminación. Mantenimiento cero.','publicidad/2516-2517.png','publicidad/2516-2517-t.jpg'),
	(151,'2184','pisos-vinilicos-zocalos-ocultos-pvc-flexibles','Pisos Vinilicos / Zocalos de PVC flexibles-Cod 2184','Pisos Vinilicos / Zocalos de PVC flexibles',10,'terminaciones','PVC flexible de alta resistencia','10 mm x 105 mm','Pisos Vinílicos / Zócalos de PVC flexibles','25 Metros','','Son utilizados para uniones entre pisos y paredes.','','terminaciones/2184.png','terminaciones/2184-t.jpg\r'),
	(152,'2230','guardacantos-para-ceramica','Guardacantos para ceramica-Cod 2230','Guardacantos para ceramica',10,'terminaciones','PVC Rígido','26 mm x 6.5 mm','Guardacantos para cerámica','','','Ofrece una solución económica y práctica para la terminación y protección a esquinas revestidas en cerámicos','Guardacantos para cerámica','terminaciones/2230.png','terminaciones/2230-t.jpg\r'),
	(153,'2231','guardacantos-para-ceramica','Guardacantos para ceramica-Cod 2231','Guardacantos para ceramica',10,'terminaciones','PVC Rígido','26 mm x 10 mm','Guardacantos para cerámica','','','Ofrece una solución económica y práctica para la terminación y protección a esquinas revestidas en cerámicos','Guardacantos para cerámica','terminaciones/2231.png','terminaciones/2231-t.jpg\r'),
	(154,'2430','guardacantos-para-ceramica','Guardacantos para ceramica-Cod 2430','Guardacantos para ceramica',10,'terminaciones','PVC Rígido','26 mm x 6.5 mm','Guardacantos para cerámica','','','Ofrece una solución económica y práctica para la terminación y protección a esquinas revestidas en cerámicos','Guardacantos para cerámica','terminaciones/2430.png','terminaciones/2430-t.jpg\r'),
	(155,'2433','pisos-vinilicos-nariz-escalon','Pisos Vinilicos / Nariz de escalon-Cod 2433','Pisos Vinilicos / Nariz de escalon',10,'terminaciones','PVC flexible de alta resistencia','59.9 mm x 23.9 mm','Pisos Vinílicos / Nariz de escalón','','','Se utiliza donde se requiere colocar una moldura una vez que la escalera haya sido revestida.','','terminaciones/2433.png','terminaciones/2433-t.jpg\r'),
	(156,'2434','pisos-vinilicos-zocalos-ocultos-pvc-flexibles','Pisos Vinilicos / Zocalos ocultos de PVC flexibles-Cod 2434','Pisos Vinilicos / Zocalos ocultos de PVC flexibles',10,'terminaciones','PVC flexible de alta resistencia','25 mm x 25 mm','Pisos Vinílicos / Zócalos ocultos de PVC flexibles','25 Metros','','Ofrece terminación sanitaria, evitando ángulos de 90º','','terminaciones/2434.png','terminaciones/2434-t.jpg\r'),
	(157,'2441','guardacantos-para-ceramica','Guardacantos para ceramica-Cod 2441','Guardacantos para ceramica',10,'terminaciones','PVC Rígido','29.9 mm x 10.5 mm','Guardacantos para cerámica','','','Ofrece una solución económica y práctica para la terminación y protección a esquinas revestidas en cerámicos','Guardacantos para cerámica','terminaciones/2441.png','terminaciones/2441-t.jpg\r'),
	(158,'2456','guardas-tipo-listel-ceramica','Guardas tipo listel para ceramica-Cod 2456','Guardas tipo listel para ceramica',10,'terminaciones','PVC Rígido','29 mm x 10 mm','Guardacantos para cerámica','','','Ofrece una solución económica y práctica para la terminación y protección a esquinas revestidas en cerámicos','Guardas tipo listel para cerámica','terminaciones/2456.png','terminaciones/2456-t.jpg\r'),
	(159,'2457','guardas-tipo-listel-ceramica','Guardas tipo listel para ceramica-Cod 2457','Guardas tipo listel para ceramica. Fabricados en PVC de alta resistencia',10,'terminaciones','PVC Rígido','9 mm x 8 mm','Guardacantos para cerámica','','','Ofrece una solución económica y práctica para la terminación y protección a esquinas revestidas en cerámicos','Guardas tipo listel para cerámica','terminaciones/2457.png','terminaciones/2457-t.jpg\r'),
	(160,'2463','guardacantos-para-ceramica','Guardacantos para ceramica-Cod 2463','Guardacantos para ceramica',10,'terminaciones','PVC Rígido','27 mm x 11 mm','Guardacantos para cerámica','','','Ofrece una solución económica y práctica para la terminación y protección a esquinas revestidas en cerámicos','Guardacantos para cerámica','terminaciones/2463.png','terminaciones/2463-t.jpg\r'),
	(161,'2474','guardacantos-para-ceramica','Guardacantos para ceramica-Cod 2474','Guardacantos para ceramica',10,'terminaciones','PVC Rígido','27.2 mm x 7.8 mm','Guardacantos para cerámica','','','Ofrece una solución económica y práctica para la terminación y protección a esquinas revestidas en cerámicos','Guardacantos para cerámica','terminaciones/2474.png','terminaciones/2474-t.jpg\r'),
	(162,'2484','terminal-mamparas-pvc','Terminal de mamparas-Cod 2484','Terminal de mamparas',10,'terminaciones','PVC flexible de alta resistencia','6.5 mm x 13 mm','Terminal de mampáras','','','Utilizados para puertas rebatibles de mamparas de baño','','terminaciones/2484.png','terminaciones/2484-t.jpg\r'),
	(163,'2513','pisos-vinilicos-terminacion-pisos','Pisos Vinilicos / Terminacion para piso-Cod 2513','Pisos Vinilicos / Terminacion para piso',10,'terminaciones','PVC flexible de alta resistencia','6.8 mm x 25 mm','Pisos Vinílicos / Terminación para piso','','','','','terminaciones/2513.png','terminaciones/2513-t.jpg\r'),
	(164,'2515','pisos-vinilicos-zocalos-ocultos-pvc-flexibles','Pisos Vinilicos / Zocalos ocultos de PVC flexibles-Cod 2515','Pisos Vinilicos / Zocalos ocultos ',10,'terminaciones','PVC flexible de alta resistencia','23.5 mm x 23.5 mm','Pisos Vinílicos / Zócalos ocultos de PVC flexibles','25 Metros','','Ofrece terminación sanitaria, evitando ángulos de 90º','','terminaciones/2515.png','terminaciones/2515-t.jpg\r'),
	(165,'2531','pisos-vinilicos-zocalos-ocultos-pvc-flexibles','Pisos Vinilicos / Zocalos ocultos de PVC flexibles-Cod 2531','Pisos Vinilicos / Zocalos ocultos de PVC',10,'terminaciones','PVC flexible de alta resistencia','39 mm x 39 mm','Pisos Vinílicos / Zócalos ocultos de PVC flexibles','25 Metros','','Ofrece terminación sanitaria, evitando ángulos de 90º','','terminaciones/2531.png','terminaciones/2531-t.jpg'),
	(166,'3044','pisos-vinilicos-zocalos-ocultos-pvc-flexibles','Pisos Vinilicos / Zocalos de PVC flexibles-Cod 3044','Pisos Vinilicos / Zocalos de PVC',10,'terminaciones','PVC flexible de alta resistencia','5 mm x 65 mm','Pisos Vinílicos / Zócalos de PVC flexibles','25 Metros','','Son utilizados para uniones entre pisos y paredes.','','terminaciones/3044.png','terminaciones/3044-t.jpg\r'),
	(167,'3080','junta-dilatacion-pvc-rigido-interior-junta-flexible','junta de dilatacion.-Cod 3080','junta de dilatacion. PVC rigido y el interior de la junta en PVC flexible',10,'terminaciones','PVC flexible de alta resistencia','16.5 mm x 9 mm','Junta de dilatación. PVC rígido y el interior de la junta en PVC flexible','','','Absorven los movimientos del suelo y evitan la rotura de cerámicos u otros revestimientos.','','terminaciones/3080.png','terminaciones/3080-t.jpg\r'),
	(168,'3081','nariz-escalon-pvc-rigido-antideslizante','Nariz de escalon.-Cod 3081','Nariz de escalon. PVC rigido y la superficie en PVC flexible antideslizante. ',10,'terminaciones','PVC flexible de alta resistencia','35.8 mm x 11.4 mm','Nariz de escalón. PVC rígido y la superficie en PVC flexible antideslizante','','','Posee una estructura de agarre y su troquel interno facilita la adhesión del revestimiento.','','terminaciones/3081.png','terminaciones/3081-t.jpg\r'),
	(169,'3214','pisos-vinilicos-terminacion-pisos','Pisos Vinilicos / Zocalo sanitario-Cod 3214','Pisos Vinilicos / Zocalo sanitario',10,'terminaciones','PVC flexible de alta resistencia','70.2 mm x 26.1 mm','pantalla de zocalo sanitario','','','Aplicable en cámaras frigorificas, laboratorios, salas hospitalarias, etc','En sus extremos, posee PVC flexible con caucho atóxico resistente. Facil aplicación. Rapidez de instalación. Mejor terminación. Mantenimiento cero. Excelente efecto de sellado.','terminaciones/3214.png','terminaciones/3214-t.jpg'),
	(170,'3133-t','guardas-esquineros-pvc-flexible','Guardas y esquineros de PVC flexibles-Cod 3133-T','Guardas y esquineros de PVC flexibles. Ideales para columnas de cocheras en estacionamientos',10,'terminaciones','PVC flexible de alta resistencia','150 mm x 3 mm','Guardas y esquineros de PVC flexibles','4/6 Metros','','Ideales para columnas de cocheras en estacionamientos, shoppings, estaciones de servicios, garages,etc.','','terminaciones/3133.png','terminaciones/3133-t.jpg'),
	(171,'3213-t','guardas-esquineros-pvc-flexible','Guardas y esquineros de PVC flexibles-Cod 3213-T','Guardas y esquineros de PVC flexibles',10,'terminaciones','PVC flexible de alta resistencia','85.4 mm x 85.4 mm','Guardas tipo listel para cerámica','50 cm','','Ideales para columnas de cocheras en estacionamientos, shoppings, estaciones de servicios, garages,etc.','','terminaciones/3213.png','terminaciones/3213-t.jpg'),
	(172,'3215-t','guardas-esquineros-pvc-flexible','Guardas y esquineros de PVC flexibles-Cod 3215-T','Guardas y esquineros de PVC flexibles. Ideales para columnas de cocheras',10,'terminaciones','PVC flexible de alta resistencia','100 mm x 100 mm','Guardas tipo listel para cerámica','50 cm','','Ideales para columnas de cocheras en estacionamientos, shoppings, estaciones de servicios, garages,etc.','','terminaciones/3215.png','terminaciones/3215-t.jpg'),
	(173,'3233-t','guardas-esquineros-pvc-flexible','Guardas y esquineros de PVC flexibles-Cod 3233-T','Guardas y esquineros de PVC flexibles. Ideales para columnas de cocheras en estacionamientos y shoppings',10,'terminaciones','PVC flexible de alta resistencia','270 mm x 29 mm','Guardas y esquineros de PVC flexibles','4/6 Metros','','Ideales para columnas de cocheras en estacionamientos, shoppings, estaciones de servicios, garages,etc.','','terminaciones/3233.png','terminaciones/3233-t.jpg'),
	(174,'','','','',11,'tubos-pvc','PVC rígido no plastificado','Disponible en diámetros de: de 400 mm a 2000 mm','Tubos de pvc Para alcantarillado, drenajes y desagües pluviales','','','Utilizado para: Alcantarillado, Drenaje agrícola sub-superficial, Redes de distribución Sanitarias y Escuelas,  Entubamiento de canales superficiales, Cámaras de inspeccióny Desagües pluviales.','El tubo de PVC Superfil posee aspectos revolucionarios en cuanto a su concepción y proceso de fabricación. Estos tubos presentan una pared exterior perfilada e interior liso, fabricado a base de PVC rígido no plastificado como materia prima.','tubos-pvc/.png','tubos-pvc/-t.jpg\r'),
	(175,'9022','perfil-cielorraso-encastre','Cielorrasos,Sistema de encastre, peril de union tipo H, termoacustico','Sistema de perfiles de encastre tipo machimbre . Para Aeropuertos, Bancos y escuelas, Estaciones de servicio, etc.9020',2,'cielorraso','PVC Rígido','61. mm x 14.5 mm','Sistema de perfiles de encastre tipo machimbre obtenidos a partir de las mas altas tecnologías en la extrusión de compuestos de PVC. Recomendado para todo tipo de cielorrasos exterior.','','','Altamente recomendado para cielorrasos en Aeropuertos, Bancos y escuelas, Estaciones de servicio, Farmacias, Frigoríficos e industrias alimenticias, Hospitales y Laboratorios, Viviendas.','Perfil de unión tipo \"H\"\" Revestimiento aislante termoacústico, Impermeabilidad, resistencia a la humedad RH95, No propaga la llama, Lavable con agua y detergentes neutros, No transmite energía eléctrica.\"','cielorraso/9022.png','cielorraso/9022-t.jpg\r'),
	(176,'9030','perfil-cielorraso-encastre','Cielorrasos,Sistema de encastre, peril de union tipo H, termoacustico','Sistema de perfiles de encastre tipo machimbre . Para Aeropuertos, Bancos y escuelas, Estaciones de servicio, etc.9020',2,'cielorraso','PVC Rígido','61. mm x 14.5 mm','Sistema de perfiles de encastre tipo machimbre obtenidos a partir de las mas altas tecnologías en la extrusión de compuestos de PVC. Recomendado para todo tipo de cielorrasos exterior.','','','Altamente recomendado para cielorrasos en Aeropuertos, Bancos y escuelas, Estaciones de servicio, Farmacias, Frigoríficos e industrias alimenticias, Hospitales y Laboratorios, Viviendas.','Perfil de unión tipo \"H\"\" Revestimiento aislante termoacústico, Impermeabilidad, resistencia a la humedad RH95, No propaga la llama, Lavable con agua y detergentes neutros, No transmite energía eléctrica.\"','cielorraso/9030.png','cielorraso/9030-t.jpg\r'),
	(177,'9031','perfil-cielorraso-encastre','Cielorrasos,Sistema de encastre, peril de union tipo H, termoacustico','Sistema de perfiles de encastre tipo machimbre . Para Aeropuertos, Bancos y escuelas, Estaciones de servicio, etc.9020',2,'cielorraso','PVC Rígido','61. mm x 14.5 mm','Sistema de perfiles de encastre tipo machimbre obtenidos a partir de las mas altas tecnologías en la extrusión de compuestos de PVC. Recomendado para todo tipo de cielorrasos exterior.','','','Altamente recomendado para cielorrasos en Aeropuertos, Bancos y escuelas, Estaciones de servicio, Farmacias, Frigoríficos e industrias alimenticias, Hospitales y Laboratorios, Viviendas.','Perfil de unión tipo \"H\"\" Revestimiento aislante termoacústico, Impermeabilidad, resistencia a la humedad RH95, No propaga la llama, Lavable con agua y detergentes neutros, No transmite energía eléctrica.\"','cielorraso/9031.png','cielorraso/9031-t.jpg\r'),
	(178,'9032','perfil-cielorraso-encastre','Cielorrasos,Sistema de encastre, peril de union tipo H, termoacustico','Sistema de perfiles de encastre tipo machimbre . Para Aeropuertos, Bancos y escuelas, Estaciones de servicio, etc.9020',2,'cielorraso','PVC Rígido','61. mm x 14.5 mm','Sistema de perfiles de encastre tipo machimbre obtenidos a partir de las mas altas tecnologías en la extrusión de compuestos de PVC. Recomendado para todo tipo de cielorrasos exterior.','','','Altamente recomendado para cielorrasos en Aeropuertos, Bancos y escuelas, Estaciones de servicio, Farmacias, Frigoríficos e industrias alimenticias, Hospitales y Laboratorios, Viviendas.','Perfil de unión tipo \"H\"\" Revestimiento aislante termoacústico, Impermeabilidad, resistencia a la humedad RH95, No propaga la llama, Lavable con agua y detergentes neutros, No transmite energía eléctrica.\"','cielorraso/9032.png','cielorraso/9032-t.jpg'),
	(179,'V-10','juntas-waterstop-para-hormigon','Juntas de construccion. Juntas waterstop.','Desarrolladas y diseñadas para sellar juntas de construcción y de expansión al momento de llevar a cabo la colada del hormigón.',12,'juntas','PVC Plastificado','7,5 mm x 100 mm','Desarrolladas y diseñadas para sellar juntas de construcción y de expansión al momento de llevar a cabo la colada del hormigón.','20 Metros','','Las juntas Waterstop de SUPERFIL S.A., se usan para el sellado estanco de los diferentes tipos de encuentros o uniones de bloques de hormigón presentes en obras de construcción, ejerciendo la función de contracción o dilatación soportando altas presiones de agua, siendo aplicable a todo tipo de obra hidráulica con requerimientos de estanqueidad.','Las juntas se colocan en la etapa de construcción, en la posición \nproyectada cuando el hormigón es colado en los moldes, concretando su función como elemento de estanqueidad a partir del endurecimiento del hormigón.','juntas-waterstop/v-10.png','juntas-waterstop/v-10-t.png\r'),
	(180,'V-15','juntas-waterstop-para-hormigon','Juntas de construccion. Juntas waterstop.','Desarrolladas y diseñadas para sellar juntas de construcción y de expansión al momento de llevar a cabo la colada del hormigón.',12,'juntas','PVC Plastificado','11,5 mm x 150 mm','Desarrolladas y diseñadas para sellar juntas de construcción y de expansión al momento de llevar a cabo la colada del hormigón.','20 Metros','','Las juntas Waterstop de SUPERFIL S.A., se usan para el sellado estanco de los diferentes tipos de encuentros o uniones de bloques de hormigón presentes en obras de construcción, ejerciendo la función de contracción o dilatación soportando altas presiones de agua, siendo aplicable a todo tipo de obra hidráulica con requerimientos de estanqueidad.','Las juntas se colocan en la etapa de construcción, en la posición \nproyectada cuando el hormigón es colado en los moldes, concretando su función como elemento de estanqueidad a partir del endurecimiento del hormigón.','juntas-waterstop/v-15.png','juntas-waterstop/v-15-t.png\r'),
	(181,'V-20','juntas-waterstop-para-hormigon','Juntas de construccion. Juntas waterstop.','Desarrolladas y diseñadas para sellar juntas de construcción y de expansión al momento de llevar a cabo la colada del hormigón.',12,'juntas','PVC Plastificado','10,5 mm x 199 mm','Desarrolladas y diseñadas para sellar juntas de construcción y de expansión al momento de llevar a cabo la colada del hormigón.','20 Metros','','Las juntas Waterstop de SUPERFIL S.A., se usan para el sellado estanco de los diferentes tipos de encuentros o uniones de bloques de hormigón presentes en obras de construcción, ejerciendo la función de contracción o dilatación soportando altas presiones de agua, siendo aplicable a todo tipo de obra hidráulica con requerimientos de estanqueidad.','Las juntas se colocan en la etapa de construcción, en la posición \nproyectada cuando el hormigón es colado en los moldes, concretando su función como elemento de estanqueidad a partir del endurecimiento del hormigón.','juntas-waterstop/v-20.png','juntas-waterstop/v-20-t.png\r'),
	(182,'O-15','juntas-waterstop-para-hormigon','Juntas de construccion. Juntas waterstop.','Desarrolladas y diseñadas para sellar juntas de construcción y de expansión al momento de llevar a cabo la colada del hormigón.',12,'juntas','PVC Plastificado','19 mm x 148 mm','Desarrolladas y diseñadas para sellar juntas de construcción y de expansión al momento de llevar a cabo la colada del hormigón.','20 Metros','','Las juntas Waterstop de SUPERFIL S.A., se usan para el sellado estanco de los diferentes tipos de encuentros o uniones de bloques de hormigón presentes en obras de construcción, ejerciendo la función de contracción o dilatación soportando altas presiones de agua, siendo aplicable a todo tipo de obra hidráulica con requerimientos de estanqueidad.','Las juntas se colocan en la etapa de construcción, en la posición \nproyectada cuando el hormigón es colado en los moldes, concretando su función como elemento de estanqueidad a partir del endurecimiento del hormigón.','juntas-waterstop/o-15.png','juntas-waterstop/o-15-t.png\r'),
	(183,'O-22','juntas-waterstop-para-hormigon','Juntas de construccion. Juntas waterstop.','Desarrolladas y diseñadas para sellar juntas de construcción y de expansión al momento de llevar a cabo la colada del hormigón.',12,'juntas','PVC Plastificado','10,5 mm x 220 mm','Desarrolladas y diseñadas para sellar juntas de construcción y de expansión al momento de llevar a cabo la colada del hormigón.','20 Metros','','Las juntas Waterstop de SUPERFIL S.A., se usan para el sellado estanco de los diferentes tipos de encuentros o uniones de bloques de hormigón presentes en obras de construcción, ejerciendo la función de contracción o dilatación soportando altas presiones de agua, siendo aplicable a todo tipo de obra hidráulica con requerimientos de estanqueidad.','Las juntas se colocan en la etapa de construcción, en la posición \nproyectada cuando el hormigón es colado en los moldes, concretando su función como elemento de estanqueidad a partir del endurecimiento del hormigón.','juntas-waterstop/o-22.png','juntas-waterstop/o-22-t.png\r'),
	(184,'O-32','juntas-waterstop-para-hormigon','Juntas de construccion. Juntas waterstop.','Desarrolladas y diseñadas para sellar juntas de construcción y de expansión al momento de llevar a cabo la colada del hormigón.',12,'juntas','PVC Plastificado','10 mm x 320 mm','Desarrolladas y diseñadas para sellar juntas de construcción y de expansión al momento de llevar a cabo la colada del hormigón.','20 Metros','','Las juntas Waterstop de SUPERFIL S.A., se usan para el sellado estanco de los diferentes tipos de encuentros o uniones de bloques de hormigón presentes en obras de construcción, ejerciendo la función de contracción o dilatación soportando altas presiones de agua, siendo aplicable a todo tipo de obra hidráulica con requerimientos de estanqueidad.','Las juntas se colocan en la etapa de construcción, en la posición \nproyectada cuando el hormigón es colado en los moldes, concretando su función como elemento de estanqueidad a partir del endurecimiento del hormigón.','juntas-waterstop/o-32.png','juntas-waterstop/o-32-t.png'),
	(185,'3245','guardacamillas','Guardacamillas','Guardacamillas Hospitalario de PVC rígido, utilizado para la protección de paredes expuestas a agresiones y golpes causado por el tráfico de camillas en clínicas y hospitales.',13,'guardacamillas','PVC rígido','30 x 175 mm','Guardacamillas Hospitalario de PVC rígido, utilizado para la protección de paredes expuestas a agresiones y golpes causado por el tráfico de camillas en clínicas, hospitales, etc..','3, 4 y 5 metros.','Gris Oscuro; Gris Claro; Azul Acero; Beige. ','Hospitales, clínicas, laboratorios, etc.','Fácil de instalar, mayor duración y más económico que el aluminio, no requiere mantención, resistencia y solidez a la luz solar directa.','guardacamillas/3245.png','guardacamillas/3245-t.jpg'),
	(186,'3246','guardacamillas','Guardacamillas','Guardacamillas Hospitalario de PVC rígido, utilizado para la protección de paredes expuestas a agresiones y golpes causado por el tráfico de camillas en clínicas y hospitales.',13,'guardacamillas','PVC rígido','9 x 175 mm','Guardacamillas Hospitalario de PVC rígido, utilizado para la protección de paredes expuestas a agresiones y golpes causado por el tráfico de camillas en clínicas, hospitales, etc..','3, 4 y 5 metros.','Gris Oscuro; Gris Claro; Azul Acero; Beige. ','Hospitales, clínicas, laboratorios, etc.','Fácil de instalar, mayor duración y más económico que el aluminio, no requiere mantención, resistencia y solidez a la luz solar directa.','guardacamillas/3246.png','guardacamillas/3246-t.jpg'),
	(187,'1000x1200','palets','Palets Plásticos','Fabricados a través de la conformación de dos perfiles plásticos, bajo estrictos controles de calidad, los cuales se unen en una cuadrícula que provee al producto una estructura muy fuerte, que le permite soportar cargas pesadas.',14,'palets','PVC','1000 x 1200 mm (entrada uñas autoelevador por lado de 1000 mm). Peso 25,20 kg','Palets plásticos para el transporte y almacenaje de cargas.','','Blanco, Gris y Negro (Colores especiales bajo pedido).','Ideal para lugares de extrema higiene (industrias alimenticias, farmacéuticas, laboratorios y la industria química) por tratarse de PVC y el formato de sus perfiles, hacen que el mismo sea higiénico y el mantenimiento extremadamente sencillo.\r','Soportan 1250 kilos, son lavables, no juntan hongos, son ignifugos, antedeslizantes, no se astillan, no se deforman, tienen alta vida útil al exterior, alta resistencia mecánica para uso en cámaras frigoríficas.','pallets/1000x1200.png','pallets/1000x1200-t.jpg'),
	(188,'1200x1000','palets','Palets Plásticos','Fabricados a través de la conformación de dos perfiles plásticos, bajo estrictos controles de calidad, los cuales se unen en una cuadrícula que provee al producto una estructura muy fuerte, que le permite soportar cargas pesadas.',14,'palets','PVC','1200 x 1000 mm (entrada uñas autoelevador por lado de 1200 mm). Peso 25,40 kg','Palets plásticos para el transporte y almacenaje de cargas.','','Blanco, Gris y Negro (Colores especiales bajo pedido).','Ideal para lugares de extrema higiene (industrias alimenticias, farmacéuticas, laboratorios y la industria química) por tratarse de PVC y el formato de sus perfiles, hacen que el mismo sea higiénico y el mantenimiento extremadamente sencillo.','Soportan 1250 kilos, son lavables, no juntan hongos, son ignifugos, antedeslizantes, no se astillan,\rno se deforman, tienen alta vida útil al exterior, alta resistencia mecánica para uso en cámaras frigoríficas.','pallets/1000x1200b.png','pallets/1000x1200b-t.jpg'),
	(189,'1100x1100','palets','Palets Plásticos','Fabricados a través de la conformación de dos perfiles plásticos, bajo estrictos controles de calidad, los cuales se unen en una cuadrícula que provee al producto una estructura muy fuerte, que le permite soportar cargas pesadas.',14,'palets','PVC','1100 x 1100 mm. Peso 26,25 kg','Palets plásticos para el transporte y almacenaje de cargas.','','Blanco, Gris y Negro (Colores especiales bajo pedido).','Ideal para lugares de extrema higiene (industrias alimenticias, farmacéuticas, laboratorios y la industria química) por tratarse de PVC y el formato de sus perfiles, hacen que el mismo sea higiénico y el mantenimiento extremadamente sencillo.','Soportan 1250 kilos, son lavables, no juntan hongos, son ignifugos, antedeslizantes, no se astillan, no se deforman, tienen alta vida útil al exterior, alta resistencia mecánica para uso en cámaras frigoríficas.','pallets/1100x1100.png','pallets/1100x1100-t.jpg'),
	(190,'DOBLE ENTRADA','palets','Palets Plásticos','Fabricados a través de la conformación de dos perfiles plásticos, bajo estrictos controles de calidad, los cuales se unen en una cuadrícula que provee al producto una estructura muy fuerte, que le permite soportar cargas pesadas.',14,'palets','PVC','DOBLE ENTRADA. Todas las medidas','Palets plásticos para el transporte y almacenaje de cargas.','','Blanco, Gris y Negro (Colores especiales bajo pedido).','Ideal para lugares de extrema higiene (industrias alimenticias, farmacéuticas, laboratorios y la industria química) por tratarse de PVC y el formato de sus perfiles, hacen que el mismo sea higiénico y el mantenimiento extremadamente sencillo.','Soportan 1250 kilos, son lavables, no juntan hongos, son ignifugos, antedeslizantes, no se astillan, no se deforman, tienen alta vida útil al exterior, alta resistencia mecánica para uso en cámaras frigoríficas.','pallets/doble-entrada.png','pallets/doble-entrada-t.jpg');

/*!40000 ALTER TABLE `products` ENABLE KEYS */;
UNLOCK TABLES;



/*!40111 SET SQL_NOTES=@OLD_SQL_NOTES */;
/*!40101 SET SQL_MODE=@OLD_SQL_MODE */;
/*!40014 SET FOREIGN_KEY_CHECKS=@OLD_FOREIGN_KEY_CHECKS */;
/*!40101 SET CHARACTER_SET_CLIENT=@OLD_CHARACTER_SET_CLIENT */;
/*!40101 SET CHARACTER_SET_RESULTS=@OLD_CHARACTER_SET_RESULTS */;
/*!40101 SET COLLATION_CONNECTION=@OLD_COLLATION_CONNECTION */;
